H_vector,DD_vector,UD_vector,H_stats,DD_stats,UD_stats,char_count,total_duration,typing_rollover_ratio,backspace_count,char_sequence,masked_sequence,username,data_type,quality_label,quality_score,password_strength,password_score
"[0.1625, 0.09480000001192093, 0.185, 0.11830000001192092, 0.20080000001192094, 0.12039999997615815, 0.12329999995231629, 0.14760000002384185, 0.10680000001192093, 0.12810000002384186]","[0.3, 0.3135999999642372, 0.338, 0.27030000001192095, 0.3209000000357628, 0.2875, 0.3775999999642372, 0.30410000002384185, 0.27609999996423723]","[0.1375, 0.21879999995231628, 0.153, 0.152, 0.12010000002384186, 0.16710000002384187, 0.25430000001192093, 0.1565, 0.1692999999523163]","{""mean"": 0.1387600000023842, ""std"": 0.03446593165148632, ""min"": 0.09480000001192093, ""max"": 0.20080000001192094}","{""mean"": 0.30978888888491524, ""std"": 0.033263134409127884, ""min"": 0.27030000001192095, ""max"": 0.3775999999642372}","{""mean"": 0.1698444444404708, ""std"": 0.04159044694565702, ""min"": 0.12010000002384186, ""max"": 0.25430000001192093}",10,2.916199999988079,0.0,0,"[""t"", ""e"", ""s"", ""t"", ""i"", ""n"", ""g"", ""1"", ""2"", ""3""]","[""*"", ""*"", ""*"", ""*"", ""*"", ""*"", ""*"", ""*"", ""*"", ""*""]",Testing,enrollment,good,100,weak,3
"[0.16630000001192094, 0.11039999997615814, 0.13809999996423722, 0.13169999998807908, 0.16339999997615814, 0.1335, 0.10460000002384186, 0.18769999998807907, 0.18, 0.1447999999523163]","[0.21530000001192093, 0.24019999998807906, 0.1925, 0.17030000001192092, 0.07579999995231629, 0.11280000001192093, 0.2205, 0.09460000002384186, 0.13530000001192094]","[0.049, 0.12980000001192094, 0.054400000035762786, 0.038600000023841854, -0.08760000002384186, -0.02069999998807907, 0.11589999997615814, -0.0930999999642372, -0.044699999988079074]","{""mean"": 0.14604999998807908, ""std"": 0.027919775945089282, ""min"": 0.10460000002384186, ""max"": 0.18769999998807907}","{""mean"": 0.16192222222354677, ""std"": 0.05967013025622496, ""min"": 0.07579999995231629, ""max"": 0.24019999998807906}","{""mean"": 0.01573333334260517, ""std"": 0.08190793612086128, ""min"": -0.0930999999642372, ""max"": 0.12980000001192094}",10,1.6020999999642371,0.4444444444444444,0,"[""t"", ""e"", ""s"", ""t"", ""i"", ""n"", ""g"", ""1"", ""2"", ""3""]","[""*"", ""*"", ""*"", ""*"", ""*"", ""*"", ""*"", ""*"", ""*"", ""*""]",Testing,enrollment,good,100,weak,3
"[0.16759999996423722, 0.11729999995231628, 0.11519999998807907, 0.12089999997615815, 0.1465, 0.08330000001192094, 0.12279999995231629, 0.2035, 0.17690000003576278, 0.132]","[0.10630000001192093, 0.2085, 0.14539999997615813, 0.11389999997615814, 0.09190000003576279, 0.06480000001192093, 0.2577999999523163, 0.071, 0.12670000004768373]","[-0.06129999995231628, 0.09120000004768372, 0.03019999998807907, -0.007, -0.054599999964237214, -0.0185, 0.135, -0.1325, -0.05019999998807907]","{""mean"": 0.13859999998807906, ""std"": 0.035352416237219776, ""min"": 0.08330000001192094, ""max"": 0.2035}","{""mean"": 0.13181111111243565, ""std"": 0.06395131827367961, ""min"": 0.06480000001192093, ""max"": 0.2577999999523163}","{""mean"": -0.007522222207652197, ""std"": 0.08227364064097142, ""min"": -0.1325, ""max"": 0.135}",10,1.318300000011921,0.6666666666666666,0,"[""t"", ""e"", ""s"", ""t"", ""i"", ""n"", ""g"", ""1"", ""2"", ""3""]","[""*"", ""*"", ""*"", ""*"", ""*"", ""*"", ""*"", ""*"", ""*"", ""*""]",Testing,enrollment,good,100,weak,3
"[0.14419999998807906, 0.133, 0.149, 0.12289999997615814, 0.17569999998807906, 0.15169999998807907, 0.1105, 0.2124000000357628, 0.185, 0.117]","[0.08089999997615814, 0.20789999997615813, 0.1574000000357628, 0.092, 0.07069999998807908, 0.12010000002384186, 0.2590999999642372, 0.07019999998807908, 0.10870000004768371]","[-0.06330000001192093, 0.07489999997615814, 0.008400000035762786, -0.03089999997615814, -0.105, -0.031599999964237215, 0.1485999999642372, -0.1422000000476837, -0.07629999995231629]","{""mean"": 0.15013999999761582, ""std"": 0.03247091691079045, ""min"": 0.1105, ""max"": 0.2124000000357628}","{""mean"": 0.12966666666666665, ""std"": 0.06612868136414857, ""min"": 0.07019999998807908, ""max"": 0.2590999999642372}","{""mean"": -0.024155555552906462, ""std"": 0.09051167204692091, ""min"": -0.1422000000476837, ""max"": 0.1485999999642372}",10,1.284,0.6666666666666666,0,"[""t"", ""e"", ""s"", ""t"", ""i"", ""n"", ""g"", ""1"", ""2"", ""3""]","[""*"", ""*"", ""*"", ""*"", ""*"", ""*"", ""*"", ""*"", ""*"", ""*""]",Testing,enrollment,good,100,weak,3
"[0.14160000002384185, 0.11339999997615814, 0.17119999998807908, 0.07060000002384186, 0.19019999998807907, 0.18989999997615814, 0.09959999996423721, 0.2275, 0.14280000001192092, 0.15010000002384186]","[0.08390000003576278, 0.214, 0.19769999998807908, 0.01830000001192093, 0.061, 0.183, 0.22480000001192094, 0.09189999997615814, 0.10239999997615815]","[-0.05769999998807907, 0.10060000002384185, 0.0265, -0.05230000001192093, -0.12919999998807907, -0.006899999976158142, 0.12520000004768372, -0.13560000002384187, -0.04040000003576279]","{""mean"": 0.1496899999976158, ""std"": 0.047104221322528034, ""min"": 0.07060000002384186, ""max"": 0.2275}","{""mean"": 0.13077777777777777, ""std"": 0.07500529610748666, ""min"": 0.01830000001192093, ""max"": 0.22480000001192094}","{""mean"": -0.018866666661368478, ""std"": 0.09091097295180714, ""min"": -0.13560000002384187, ""max"": 0.12520000004768372}",10,1.3271000000238418,0.6666666666666666,0,"[""t"", ""e"", ""s"", ""t"", ""i"", ""n"", ""g"", ""1"", ""2"", ""3""]","[""*"", ""*"", ""*"", ""*"", ""*"", ""*"", ""*"", ""*"", ""*"", ""*""]",Testing,enrollment,good,100,weak,3
"[0.15380000001192093, 0.11039999997615814, 0.18030000001192092, 0.12080000001192093, 0.157, 0.1625999999642372, 0.10019999998807907, 0.23739999997615815, 0.16459999996423721, 0.14289999997615815]","[0.10160000002384185, 0.21319999998807906, 0.16130000001192094, 0.12430000001192093, 0.07730000001192093, 0.11769999998807908, 0.304, 0.099, 0.10319999998807908]","[-0.052199999988079074, 0.10280000001192093, -0.019, 0.0035, -0.07969999998807907, -0.04489999997615814, 0.20380000001192092, -0.13839999997615815, -0.061399999976158144]","{""mean"": 0.15299999998807906, ""std"": 0.039233574054958455, ""min"": 0.10019999998807907, ""max"": 0.23739999997615815}","{""mean"": 0.1446222222248713, ""std"": 0.07219809169206495, ""min"": 0.07730000001192093, ""max"": 0.304}","{""mean"": -0.009499999986754527, ""std"": 0.10348957676667367, ""min"": -0.13839999997615815, ""max"": 0.20380000001192092}",10,1.4445,0.6666666666666666,0,"[""t"", ""e"", ""s"", ""t"", ""i"", ""n"", ""g"", ""1"", ""2"", ""3""]","[""*"", ""*"", ""*"", ""*"", ""*"", ""*"", ""*"", ""*"", ""*"", ""*""]",Testing,enrollment,good,100,weak,3
"[0.14490000003576278, 0.13619999998807908, 0.16769999998807908, 0.13369999998807908, 0.1584000000357628, 0.114, 0.11759999996423721, 0.2037999999523163, 0.13489999997615815, 0.1105]","[0.09020000004768372, 0.24009999996423723, 0.14840000003576279, 0.1260999999642372, 0.087, 0.056100000023841856, 0.20630000001192092, 0.081, 0.08659999996423721]","[-0.05469999998807907, 0.10389999997615815, -0.019299999952316283, -0.007600000023841858, -0.07140000003576279, -0.05789999997615814, 0.08870000004768372, -0.12279999995231629, -0.04830000001192093]","{""mean"": 0.14216999999284743, ""std"": 0.02844363040846124, ""min"": 0.1105, ""max"": 0.2037999999523163}","{""mean"": 0.124644444445769, ""std"": 0.06246813409018419, ""min"": 0.056100000023841856, ""max"": 0.24009999996423723}","{""mean"": -0.02104444443517261, ""std"": 0.07413039374831629, ""min"": -0.12279999995231629, ""max"": 0.10389999997615815}",10,1.2323000000119209,0.7777777777777778,0,"[""t"", ""e"", ""s"", ""t"", ""i"", ""n"", ""g"", ""1"", ""2"", ""3""]","[""*"", ""*"", ""*"", ""*"", ""*"", ""*"", ""*"", ""*"", ""*"", ""*""]",Testing,enrollment,good,100,weak,3
"[0.141, 0.1319000000357628, 0.19189999997615814, 0.11, 0.12530000001192093, 0.1540999999642372, 0.12830000001192093, 0.21280000001192093, 0.19230000001192094, 0.13019999998807907]","[0.0695, 0.22260000002384187, 0.161, 0.15689999997615814, 0.037400000035762784, 0.10839999997615814, 0.20689999997615816, 0.05330000001192093, 0.12410000002384186]","[-0.0715, 0.09069999998807907, -0.03089999997615814, 0.046899999976158145, -0.08789999997615815, -0.04569999998807907, 0.07859999996423721, -0.1595, -0.06819999998807907]","{""mean"": 0.1517800000011921, ""std"": 0.03488950176110499, ""min"": 0.11, ""max"": 0.21280000001192093}","{""mean"": 0.12667777778042688, ""std"": 0.06585297596490668, ""min"": 0.037400000035762784, ""max"": 0.22260000002384187}","{""mean"": -0.0275, ""std"": 0.0834949549236351, ""min"": -0.1595, ""max"": 0.09069999998807907}",10,1.270300000011921,0.6666666666666666,0,"[""t"", ""e"", ""s"", ""t"", ""i"", ""n"", ""g"", ""1"", ""2"", ""3""]","[""*"", ""*"", ""*"", ""*"", ""*"", ""*"", ""*"", ""*"", ""*"", ""*""]",Testing,enrollment,good,100,weak,3
"[0.14719999998807906, 0.11940000003576279, 0.17059999996423722, 0.13569999998807908, 0.14960000002384186, 0.11080000001192093, 0.1280999999642372, 0.22439999997615814, 0.17669999998807906, 0.0975]","[0.09809999996423721, 0.1987000000476837, 0.19069999998807907, 0.1555999999642372, 0.07530000001192093, 0.11310000002384185, 0.2571999999880791, 0.060699999988079074, 0.12819999998807907]","[-0.04910000002384186, 0.07930000001192093, 0.02010000002384186, 0.019899999976158142, -0.07430000001192093, 0.002300000011920929, 0.12910000002384187, -0.16369999998807908, -0.0485]","{""mean"": 0.14599999999403954, ""std"": 0.03716922262167576, ""min"": 0.0975, ""max"": 0.22439999997615814}","{""mean"": 0.1419555555515819, ""std"": 0.06427869225605108, ""min"": 0.060699999988079074, ""max"": 0.2571999999880791}","{""mean"": -0.009433333330684237, ""std"": 0.08663209567531152, ""min"": -0.16369999998807908, ""max"": 0.12910000002384187}",10,1.3750999999642373,0.4444444444444444,0,"[""t"", ""e"", ""s"", ""t"", ""i"", ""n"", ""g"", ""1"", ""2"", ""3""]","[""*"", ""*"", ""*"", ""*"", ""*"", ""*"", ""*"", ""*"", ""*"", ""*""]",Testing,enrollment,good,100,weak,3
"[0.169, 0.1245999999642372, 0.148, 0.13530000001192094, 0.16080000001192093, 0.13160000002384187, 0.103, 0.21639999997615814, 0.165, 0.10930000001192093]","[0.1284000000357628, 0.20259999996423722, 0.16880000001192094, 0.16030000001192093, 0.07189999997615815, 0.10190000003576279, 0.24839999997615814, 0.06930000001192092, 0.115]","[-0.040599999964237216, 0.078, 0.02080000001192093, 0.025, -0.08890000003576279, -0.02969999998807907, 0.14539999997615813, -0.14709999996423723, -0.05]","{""mean"": 0.1463, ""std"": 0.03340658617150853, ""min"": 0.103, ""max"": 0.21639999997615814}","{""mean"": 0.14073333333598242, ""std"": 0.05995131356932064, ""min"": 0.06930000001192092, ""max"": 0.24839999997615814}","{""mean"": -0.009677777773804139, ""std"": 0.08804255756595473, ""min"": -0.14709999996423723, ""max"": 0.14539999997615813}",10,1.3759000000357628,0.5555555555555556,0,"[""t"", ""e"", ""s"", ""t"", ""i"", ""n"", ""g"", ""1"", ""2"", ""3""]","[""*"", ""*"", ""*"", ""*"", ""*"", ""*"", ""*"", ""*"", ""*"", ""*""]",Testing,enrollment,good,100,weak,3
"[0.17389999997615815, 0.12029999995231629, 0.15030000001192093, 0.12760000002384186, 0.14810000002384185, 0.14239999997615815, 0.11009999996423721, 0.187, 0.15780000001192093, 0.13019999998807907]","[0.09060000002384186, 0.21239999997615813, 0.133, 0.1035, 0.08310000002384185, 0.06419999998807907, 0.20959999996423723, 0.07590000003576279, 0.07539999997615814]","[-0.08329999995231628, 0.09210000002384186, -0.01730000001192093, -0.02410000002384186, -0.065, -0.07819999998807907, 0.0995, -0.11109999996423721, -0.08240000003576278]","{""mean"": 0.14476999999284745, ""std"": 0.023937142230961106, ""min"": 0.11009999996423721, ""max"": 0.187}","{""mean"": 0.11641111110978657, ""std"": 0.057189191368572895, ""min"": 0.06419999998807907, ""max"": 0.21239999997615813}","{""mean"": -0.029977777772479584, ""std"": 0.07712559201758717, ""min"": -0.11109999996423721, ""max"": 0.0995}",10,1.1778999999761581,0.7777777777777778,0,"[""t"", ""e"", ""s"", ""t"", ""i"", ""n"", ""g"", ""1"", ""2"", ""3""]","[""*"", ""*"", ""*"", ""*"", ""*"", ""*"", ""*"", ""*"", ""*"", ""*""]",testing123,enrollment,good,100,weak,3
"[0.17160000002384185, 0.10359999996423722, 0.17490000003576278, 0.1255, 0.18080000001192092, 0.1250999999642372, 0.10310000002384186]","[0.2512000000476837, 0.19329999995231628, 0.22660000002384187, 0.2465, 0.27530000001192095, 0.2150999999642372]","[0.07960000002384186, 0.08969999998807907, 0.05169999998807907, 0.121, 0.0945, 0.09]","{""mean"": 0.14065714286054884, ""std"": 0.03414922436823257, ""min"": 0.10310000002384186, ""max"": 0.18080000001192092}","{""mean"": 0.23466666666666666, ""std"": 0.029063975436401514, ""min"": 0.19329999995231628, ""max"": 0.27530000001192095}","{""mean"": 0.08775, ""std"": 0.02247672129303731, ""min"": 0.05169999998807907, ""max"": 0.121}",7,1.511100000023842,0.0,0,"[""t"", ""e"", ""s"", ""t"", ""1"", ""2"", ""3""]","[""*"", ""*"", ""*"", ""*"", ""*"", ""*"", ""*""]",testing1,enrollment,good,100,weak,2
"[0.16210000002384187, 0.1275, 0.14910000002384186, 0.11859999996423722, 0.195, 0.12869999998807907, 0.13210000002384187]","[0.2719000000357628, 0.21539999997615814, 0.23160000002384185, 0.22389999997615814, 0.25360000002384187, 0.15769999998807907]","[0.10980000001192093, 0.08789999997615815, 0.0825, 0.10530000001192093, 0.05860000002384186, 0.029]","{""mean"": 0.14472857143197743, ""std"": 0.026595783777383152, ""min"": 0.11859999996423722, ""max"": 0.195}","{""mean"": 0.22568333333730697, ""std"": 0.03919435760526901, ""min"": 0.15769999998807907, ""max"": 0.2719000000357628}","{""mean"": 0.07885000000397364, ""std"": 0.030488735624723404, ""min"": 0.029, ""max"": 0.10980000001192093}",7,1.4862000000476838,0.0,0,"[""t"", ""e"", ""s"", ""t"", ""1"", ""2"", ""3""]","[""*"", ""*"", ""*"", ""*"", ""*"", ""*"", ""*""]",testing1,enrollment,good,100,weak,2
"[0.1534000000357628, 0.1135, 0.167, 0.12329999995231629, 0.26, 0.168, 0.1427000000476837]","[0.0825, 0.21060000002384185, 0.17310000002384185, 0.2831999999880791, 0.036699999988079074, 0.28339999997615817]","[-0.07090000003576279, 0.09710000002384186, 0.006100000023841858, 0.1599000000357628, -0.22330000001192093, 0.11539999997615814]","{""mean"": 0.1611285714336804, ""std"": 0.04822875056611568, ""min"": 0.1135, ""max"": 0.26}","{""mean"": 0.17825000000000002, ""std"": 0.10232158618508186, ""min"": 0.036699999988079074, ""max"": 0.28339999997615817}","{""mean"": 0.014050000001986824, ""std"": 0.14286782354394237, ""min"": -0.22330000001192093, ""max"": 0.1599000000357628}",7,1.2122000000476838,0.3333333333333333,0,"[""t"", ""e"", ""s"", ""t"", ""1"", ""2"", ""3""]","[""*"", ""*"", ""*"", ""*"", ""*"", ""*"", ""*""]",testing1,enrollment,good,100,weak,2
"[0.172, 0.1235, 0.17689999997615813, 0.13160000002384187, 0.203, 0.16239999997615814, 0.11620000004768372]","[0.09480000001192093, 0.2175, 0.15439999997615814, 0.21430000001192093, 0.08860000002384186, 0.09059999996423722]","[-0.07719999998807907, 0.094, -0.0225, 0.08269999998807907, -0.11439999997615814, -0.07180000001192093]","{""mean"": 0.15508571428912027, ""std"": 0.03207431102198793, ""min"": 0.11620000004768372, ""max"": 0.203}","{""mean"": 0.14336666666467984, ""std"": 0.061304899207980386, ""min"": 0.08860000002384186, ""max"": 0.2175}","{""mean"": -0.018199999998013177, ""std"": 0.08763166093699062, ""min"": -0.11439999997615814, ""max"": 0.094}",7,0.9764000000357628,0.6666666666666666,0,"[""t"", ""e"", ""s"", ""t"", ""1"", ""2"", ""3""]","[""*"", ""*"", ""*"", ""*"", ""*"", ""*"", ""*""]",testing1,enrollment,good,100,weak,2
"[0.1465, 0.17130000001192092, 0.2561999999880791, 0.1385, 0.2119000000357628, 0.13330000001192094, 0.14820000004768372]","[0.09119999998807907, 0.26939999997615816, 0.20560000002384185, 0.4515999999642372, 0.13080000001192094, 0.07469999998807907]","[-0.05530000001192093, 0.09809999996423721, -0.05059999996423721, 0.3130999999642372, -0.08110000002384186, -0.05860000002384186]","{""mean"": 0.17227142858505248, ""std"": 0.04567686190932229, ""min"": 0.13330000001192094, ""max"": 0.2561999999880791}","{""mean"": 0.20388333332538605, ""std"": 0.1416940142113259, ""min"": 0.07469999998807907, ""max"": 0.4515999999642372}","{""mean"": 0.027599999984105426, ""std"": 0.15408717012146964, ""min"": -0.08110000002384186, ""max"": 0.3130999999642372}",7,1.3715,0.6666666666666666,0,"[""t"", ""e"", ""s"", ""t"", ""1"", ""2"", ""3""]","[""*"", ""*"", ""*"", ""*"", ""*"", ""*"", ""*""]",testing1,enrollment,good,100,weak,2
"[0.1465, 0.12489999997615814, 0.15830000001192093, 0.1254000000357628, 0.1735, 0.0785, 0.17680000001192092]","[0.14019999998807908, 0.22369999998807907, 0.24019999998807906, 0.2444000000357628, 0.167, 0.21789999997615814]","[-0.006300000011920929, 0.09880000001192094, 0.08189999997615814, 0.119, -0.0065, 0.13939999997615815]","{""mean"": 0.14055714286225182, ""std"": 0.03433869814996566, ""min"": 0.0785, ""max"": 0.17680000001192092}","{""mean"": 0.20556666666269302, ""std"": 0.042305113959953386, ""min"": 0.14019999998807908, ""max"": 0.2444000000357628}","{""mean"": 0.07104999999205272, ""std"": 0.06301703737677491, ""min"": -0.0065, ""max"": 0.13939999997615815}",7,1.410199999988079,0.3333333333333333,0,"[""t"", ""e"", ""s"", ""t"", ""1"", ""2"", ""3""]","[""*"", ""*"", ""*"", ""*"", ""*"", ""*"", ""*""]",testing1,enrollment,good,100,weak,2
"[0.14460000002384185, 0.106, 0.17840000003576278, 0.12139999997615815, 0.1964000000357628, 0.13139999997615814, 0.1145]","[0.11270000004768371, 0.19809999996423722, 0.14560000002384185, 0.1865999999642372, 0.07590000003576279, 0.08739999997615815]","[-0.03189999997615814, 0.09209999996423722, -0.03280000001192093, 0.06519999998807907, -0.1205, -0.044]","{""mean"": 0.14181428572109767, ""std"": 0.03386199585462665, ""min"": 0.106, ""max"": 0.1964000000357628}","{""mean"": 0.13438333333532015, ""std"": 0.05101001533339387, ""min"": 0.07590000003576279, ""max"": 0.19809999996423722}","{""mean"": -0.011983333339293795, ""std"": 0.07800198500499218, ""min"": -0.1205, ""max"": 0.09209999996423722}",7,0.920800000011921,0.6666666666666666,0,"[""t"", ""e"", ""s"", ""t"", ""1"", ""2"", ""3""]","[""*"", ""*"", ""*"", ""*"", ""*"", ""*"", ""*""]",testing1,enrollment,good,100,weak,2
"[0.13860000002384185, 0.13069999998807907, 0.1525, 0.112, 0.21510000002384186, 0.1595, 0.1315]","[0.060400000035762784, 0.21030000001192092, 0.17159999996423722, 0.21980000001192093, 0.08030000001192093, 0.10980000001192093]","[-0.07819999998807907, 0.07960000002384186, 0.019099999964237214, 0.10780000001192093, -0.13480000001192094, -0.04969999998807907]","{""mean"": 0.14855714286225183, ""std"": 0.03318794245400255, ""min"": 0.112, ""max"": 0.21510000002384186}","{""mean"": 0.14203333334128063, ""std"": 0.0679649517422341, ""min"": 0.060400000035762784, ""max"": 0.21980000001192093}","{""mean"": -0.009366666664679845, ""std"": 0.09439467499676113, ""min"": -0.13480000001192094, ""max"": 0.10780000001192093}",7,0.9837000000476838,0.5,0,"[""t"", ""e"", ""s"", ""t"", ""1"", ""2"", ""3""]","[""*"", ""*"", ""*"", ""*"", ""*"", ""*"", ""*""]",testing1,enrollment,good,100,weak,2
"[0.19910000002384184, 0.11780000001192092, 0.18419999998807907, 0.13229999995231628, 0.1914000000357628, 0.15769999998807907, 0.11990000003576279]","[0.15169999998807907, 0.2055, 0.17090000003576278, 0.2042999999523163, 0.07690000003576279, 0.09589999997615814]","[-0.047400000035762786, 0.08769999998807908, -0.013299999952316285, 0.072, -0.1145, -0.06180000001192093]","{""mean"": 0.15748571429082325, ""std"": 0.03468330187559998, ""min"": 0.11780000001192092, ""max"": 0.19910000002384184}","{""mean"": 0.15086666666467985, ""std"": 0.05428508695209222, ""min"": 0.07690000003576279, ""max"": 0.2055}","{""mean"": -0.012883333335320156, ""std"": 0.07903486361667311, ""min"": -0.1145, ""max"": 0.08769999998807908}",7,1.025100000023842,0.6666666666666666,0,"[""t"", ""e"", ""s"", ""t"", ""1"", ""2"", ""3""]","[""*"", ""*"", ""*"", ""*"", ""*"", ""*"", ""*""]",testing1,enrollment,good,100,weak,2
"[0.15619999998807907, 0.13279999995231628, 0.15689999997615814, 0.11510000002384185, 0.1955, 0.14560000002384185, 0.10530000001192093]","[0.0905, 0.22189999997615814, 0.17319999998807908, 0.21019999998807906, 0.07080000001192092, 0.09069999998807907]","[-0.06569999998807907, 0.08910000002384186, 0.016300000011920928, 0.09509999996423721, -0.12469999998807907, -0.054900000035762786]","{""mean"": 0.14391428571087972, ""std"": 0.030078642947452945, ""min"": 0.10530000001192093, ""max"": 0.1955}","{""mean"": 0.14288333332538605, ""std"": 0.06686910845340069, ""min"": 0.07080000001192092, ""max"": 0.22189999997615814}","{""mean"": -0.007466666668653489, ""std"": 0.08921277187754871, ""min"": -0.12469999998807907, ""max"": 0.09509999996423721}",7,0.9625999999642372,0.5,0,"[""t"", ""e"", ""s"", ""t"", ""1"", ""2"", ""3""]","[""*"", ""*"", ""*"", ""*"", ""*"", ""*"", ""*""]",testing1,enrollment,good,100,weak,2
"[0.21489999997615813, 0.11660000002384185, 0.17709999996423723, 0.13889999997615815, 0.2240999999642372, 0.15369999998807907, 0.11419999998807907]","[0.16639999997615815, 0.2797000000476837, 0.18489999997615814, 0.22680000001192094, 0.08589999997615815, 0.10360000002384186]","[-0.0485, 0.16310000002384187, 0.007800000011920929, 0.08790000003576279, -0.13819999998807908, -0.05009999996423721]","{""mean"": 0.16278571426868438, ""std"": 0.044397838843510236, ""min"": 0.11419999998807907, ""max"": 0.2240999999642372}","{""mean"": 0.1745500000019868, ""std"": 0.07328417975526876, ""min"": 0.08589999997615815, ""max"": 0.2797000000476837}","{""mean"": 0.003666666686534882, ""std"": 0.10795340970977345, ""min"": -0.13819999998807908, ""max"": 0.16310000002384187}",7,1.1615,0.5,0,"[""t"", ""e"", ""s"", ""t"", ""1"", ""2"", ""3""]","[""*"", ""*"", ""*"", ""*"", ""*"", ""*"", ""*""]",test1,enrollment,good,100,weak,2
"[0.17490000003576278, 0.12069999998807907, 0.19080000001192093, 0.1395, 0.21230000001192093, 0.15879999995231628, 0.10869999998807907]","[0.11280000001192093, 0.21430000001192093, 0.16859999996423722, 0.18030000001192092, 0.08440000003576278, 0.0945]","[-0.062100000023841855, 0.09360000002384186, -0.022200000047683716, 0.040800000011920926, -0.12789999997615814, -0.06429999995231628]","{""mean"": 0.15795714285543988, ""std"": 0.037582347691724326, ""min"": 0.10869999998807907, ""max"": 0.21230000001192093}","{""mean"": 0.1424833333392938, ""std"": 0.052587048461036554, ""min"": 0.08440000003576278, ""max"": 0.21430000001192093}","{""mean"": -0.023683333327372866, ""std"": 0.07987784215076255, ""min"": -0.12789999997615814, ""max"": 0.09360000002384186}",7,0.9636000000238418,0.6666666666666666,0,"[""t"", ""e"", ""s"", ""t"", ""1"", ""2"", ""3""]","[""*"", ""*"", ""*"", ""*"", ""*"", ""*"", ""*""]",test1,enrollment,good,100,weak,2
"[0.14189999997615815, 0.09330000001192093, 0.1825, 0.13119999998807907, 0.20669999998807906, 0.17710000002384185, 0.13]","[0.11609999996423721, 0.265, 0.1315, 0.27910000002384183, 0.08889999997615815, 0.0855]","[-0.02580000001192093, 0.17169999998807908, -0.051, 0.14790000003576279, -0.11780000001192092, -0.09160000002384186]","{""mean"": 0.15181428571258274, ""std"": 0.03876520899572806, ""min"": 0.09330000001192093, ""max"": 0.20669999998807906}","{""mean"": 0.16101666666070621, ""std"": 0.08780492964021491, ""min"": 0.0855, ""max"": 0.27910000002384183}","{""mean"": 0.005566666662693026, ""std"": 0.12385750954050002, ""min"": -0.11780000001192092, ""max"": 0.17169999998807908}",7,1.0960999999642371,0.6666666666666666,0,"[""t"", ""e"", ""s"", ""t"", ""1"", ""2"", ""3""]","[""*"", ""*"", ""*"", ""*"", ""*"", ""*"", ""*""]",test1,enrollment,good,100,weak,2
"[0.13139999997615814, 0.11510000002384185, 0.1645, 0.12569999998807907, 0.2102999999523163, 0.15220000004768372, 0.09930000001192094]","[0.2195, 0.20969999998807906, 0.19130000001192093, 0.20610000002384185, 0.07079999995231628, 0.10290000003576279]","[0.08810000002384186, 0.09459999996423721, 0.02680000001192093, 0.08040000003576278, -0.1395, -0.049300000011920926]","{""mean"": 0.14264285714285715, ""std"": 0.036962226520033545, ""min"": 0.09930000001192094, ""max"": 0.2102999999523163}","{""mean"": 0.16671666666865348, ""std"": 0.06334288963941476, ""min"": 0.07079999995231628, ""max"": 0.2195}","{""mean"": 0.016850000003973638, ""std"": 0.09389395614649132, ""min"": -0.1395, ""max"": 0.09459999996423721}",7,1.099600000023842,0.3333333333333333,0,"[""t"", ""e"", ""s"", ""t"", ""1"", ""2"", ""3""]","[""*"", ""*"", ""*"", ""*"", ""*"", ""*"", ""*""]",test1,enrollment,good,100,weak,2
"[0.1697999999523163, 0.11559999996423721, 0.14780000001192092, 0.1375, 0.20480000001192092, 0.17630000001192092, 0.115]","[0.13569999998807908, 0.20809999996423723, 0.1405, 0.19760000002384187, 0.07519999998807907, 0.10269999998807908]","[-0.03409999996423721, 0.0925, -0.007300000011920929, 0.06010000002384186, -0.12960000002384187, -0.07360000002384186]","{""mean"": 0.15239999999318804, ""std"": 0.033206174131432765, ""min"": 0.115, ""max"": 0.20480000001192092}","{""mean"": 0.14329999999205273, ""std"": 0.05195979214878978, ""min"": 0.07519999998807907, ""max"": 0.20809999996423723}","{""mean"": -0.015333333333333334, ""std"": 0.08268834663194503, ""min"": -0.12960000002384187, ""max"": 0.0925}",7,0.9747999999523163,0.6666666666666666,0,"[""t"", ""e"", ""s"", ""t"", ""1"", ""2"", ""3""]","[""*"", ""*"", ""*"", ""*"", ""*"", ""*"", ""*""]",test1,enrollment,good,100,weak,2
"[0.14119999998807908, 0.11019999998807907, 0.15910000002384186, 0.12780000001192093, 0.20380000001192092, 0.14189999997615815, 0.11669999998807908]","[0.08589999997615815, 0.2115, 0.11480000001192094, 0.16709999996423722, 0.08370000004768371, 0.08459999996423721]","[-0.05530000001192093, 0.10130000001192092, -0.04430000001192093, 0.039299999952316284, -0.12009999996423722, -0.057300000011920926]","{""mean"": 0.14295714285543987, ""std"": 0.03151416915773876, ""min"": 0.11019999998807907, ""max"": 0.20380000001192092}","{""mean"": 0.12459999999403953, ""std"": 0.05333741650573707, ""min"": 0.08370000004768371, ""max"": 0.2115}","{""mean"": -0.0227333333392938, ""std"": 0.07928837660782963, ""min"": -0.12009999996423722, ""max"": 0.10130000001192092}",7,0.8642999999523163,0.6666666666666666,0,"[""t"", ""e"", ""s"", ""t"", ""1"", ""2"", ""3""]","[""*"", ""*"", ""*"", ""*"", ""*"", ""*"", ""*""]",test1,enrollment,good,100,weak,2
"[0.15319999998807907, 0.11730000001192092, 0.18069999998807906, 0.12560000002384186, 0.22619999998807908, 0.1964000000357628, 0.10360000002384186]","[0.07439999997615815, 0.21880000001192093, 0.13569999998807908, 0.1935, 0.0625, 0.13280000001192094]","[-0.07880000001192093, 0.1015, -0.045, 0.06789999997615814, -0.16369999998807908, -0.06360000002384186]","{""mean"": 0.15757142857994352, ""std"": 0.04532926626612191, ""min"": 0.10360000002384186, ""max"": 0.22619999998807908}","{""mean"": 0.1362833333313465, ""std"": 0.06223945426846603, ""min"": 0.0625, ""max"": 0.21880000001192093}","{""mean"": -0.03028333334128062, ""std"": 0.0984756501153621, ""min"": -0.16369999998807908, ""max"": 0.1015}",7,0.9213000000119209,0.6666666666666666,0,"[""t"", ""e"", ""s"", ""t"", ""1"", ""2"", ""3""]","[""*"", ""*"", ""*"", ""*"", ""*"", ""*"", ""*""]",test1,enrollment,good,100,weak,2
"[0.16310000002384187, 0.10439999997615815, 0.21080000001192092, 0.143, 0.20969999998807906, 0.2357999999523163, 0.1585999999642372]","[0.09630000001192093, 0.1955, 0.15719999998807907, 0.19610000002384187, 0.0655, 0.10719999998807907]","[-0.06680000001192093, 0.09110000002384186, -0.05360000002384186, 0.05310000002384186, -0.14419999998807906, -0.1285999999642372]","{""mean"": 0.17505714284522192, ""std"": 0.04582807934928581, ""min"": 0.10439999997615815, ""max"": 0.2357999999523163}","{""mean"": 0.13630000000198683, ""std"": 0.05473013795358699, ""min"": 0.0655, ""max"": 0.19610000002384187}","{""mean"": -0.04149999999006589, ""std"": 0.09534371505593378, ""min"": -0.14419999998807906, ""max"": 0.09110000002384186}",7,0.9763999999761581,0.6666666666666666,0,"[""t"", ""e"", ""s"", ""t"", ""1"", ""2"", ""3""]","[""*"", ""*"", ""*"", ""*"", ""*"", ""*"", ""*""]",test1,enrollment,good,100,weak,2
"[0.13619999998807908, 0.09359999996423721, 0.17109999996423722, 0.13909999996423722, 0.206, 0.15980000001192093, 0.10130000001192092]","[0.07790000003576279, 0.24419999998807906, 0.1085, 0.1795999999642372, 0.0705, 0.10360000002384186]","[-0.058299999952316287, 0.15060000002384186, -0.06259999996423721, 0.0405, -0.1355, -0.05619999998807907]","{""mean"": 0.14387142855780466, ""std"": 0.03931970304917414, ""min"": 0.09359999996423721, ""max"": 0.206}","{""mean"": 0.13071666666865348, ""std"": 0.06769429565637049, ""min"": 0.0705, ""max"": 0.24419999998807906}","{""mean"": -0.020249999980131786, ""std"": 0.10069416567073965, ""min"": -0.1355, ""max"": 0.15060000002384186}",7,0.8856000000238419,0.6666666666666666,0,"[""t"", ""e"", ""s"", ""t"", ""1"", ""2"", ""3""]","[""*"", ""*"", ""*"", ""*"", ""*"", ""*"", ""*""]",test1,enrollment,good,100,weak,2
"[0.16379999995231628, 0.09969999998807907, 0.18939999997615814, 0.13559999996423722, 0.23469999998807908, 0.16990000003576278, 0.08259999996423721]","[0.09189999997615814, 0.19710000002384187, 0.13519999998807908, 0.17119999998807908, 0.08569999998807908, 0.11540000003576278]","[-0.07189999997615815, 0.09740000003576278, -0.05419999998807907, 0.03560000002384186, -0.149, -0.0545]","{""mean"": 0.1536714285526957, ""std"": 0.0524384628079052, ""min"": 0.08259999996423721, ""max"": 0.23469999998807908}","{""mean"": 0.13275, ""std"": 0.04429170352091233, ""min"": 0.08569999998807908, ""max"": 0.19710000002384187}","{""mean"": -0.032766666650772096, ""std"": 0.0867072007892384, ""min"": -0.149, ""max"": 0.09740000003576278}",7,0.8790999999642373,0.6666666666666666,0,"[""t"", ""e"", ""s"", ""t"", ""1"", ""2"", ""3""]","[""*"", ""*"", ""*"", ""*"", ""*"", ""*"", ""*""]",test1,enrollment,good,100,weak,2
"[0.1485999999642372, 0.10310000002384186, 0.17960000002384185, 0.145, 0.20209999996423722, 0.18020000004768372, 0.13859999996423722]","[0.09779999995231628, 0.2025, 0.102, 0.1809000000357628, 0.07059999996423721, 0.09890000003576278]","[-0.05080000001192093, 0.09939999997615814, -0.07760000002384186, 0.03590000003576279, -0.1315, -0.08130000001192093]","{""mean"": 0.15674285714115416, ""std"": 0.033017361953630094, ""min"": 0.10310000002384186, ""max"": 0.20209999996423722}","{""mean"": 0.12544999999801318, ""std"": 0.05298915928494654, ""min"": 0.07059999996423721, ""max"": 0.2025}","{""mean"": -0.03431666667262713, ""std"": 0.08556600766140324, ""min"": -0.1315, ""max"": 0.09939999997615814}",7,0.8912999999523162,0.6666666666666666,0,"[""t"", ""e"", ""s"", ""t"", ""1"", ""2"", ""3""]","[""*"", ""*"", ""*"", ""*"", ""*"", ""*"", ""*""]",test1,enrollment,good,100,weak,2
"[0.1555, 0.11780000001192092, 0.171, 0.14189999997615815, 0.20089999997615815, 0.183, 0.1095]","[0.0955, 0.21730000001192093, 0.11260000002384186, 0.1985, 0.06469999998807907, 0.10319999998807908]","[-0.06, 0.0995, -0.05839999997615814, 0.05660000002384186, -0.13619999998807908, -0.07980000001192093]","{""mean"": 0.15422857142346247, ""std"": 0.033587185758877765, ""min"": 0.1095, ""max"": 0.20089999997615815}","{""mean"": 0.1319666666686535, ""std"": 0.06126283267485103, ""min"": 0.06469999998807907, ""max"": 0.21730000001192093}","{""mean"": -0.02971666665871938, ""std"": 0.08914523917151923, ""min"": -0.13619999998807908, ""max"": 0.0995}",7,0.9013000000119209,0.6666666666666666,0,"[""t"", ""e"", ""s"", ""t"", ""1"", ""2"", ""3""]","[""*"", ""*"", ""*"", ""*"", ""*"", ""*"", ""*""]",test1,enrollment,good,100,weak,2
"[0.14040000003576278, 0.09180000001192093, 0.17469999998807906, 0.13819999998807908, 0.211, 0.1634000000357628, 0.11360000002384185]","[0.0815, 0.21760000002384186, 0.12369999998807907, 0.16269999998807907, 0.06680000001192093, 0.1105]","[-0.05890000003576279, 0.12580000001192093, -0.051, 0.0245, -0.14419999998807906, -0.052900000035762784]","{""mean"": 0.1475857142976352, ""std"": 0.03960944451489748, ""min"": 0.09180000001192093, ""max"": 0.211}","{""mean"": 0.12713333333532015, ""std"": 0.055606066819084664, ""min"": 0.06680000001192093, ""max"": 0.21760000002384186}","{""mean"": -0.026116666674613948, ""std"": 0.09164678754697354, ""min"": -0.14419999998807906, ""max"": 0.12580000001192093}",7,0.8764000000357628,0.6666666666666666,0,"[""t"", ""e"", ""s"", ""t"", ""1"", ""2"", ""3""]","[""*"", ""*"", ""*"", ""*"", ""*"", ""*"", ""*""]",test1,enrollment,good,100,weak,2
"[0.14619999998807906, 0.10430000001192093, 0.17060000002384185, 0.14239999997615815, 0.2194000000357628, 0.1930999999642372, 0.09589999997615814]","[0.09, 0.20389999997615815, 0.10280000001192093, 0.3441999999880791, 0.07140000003576279, 0.11189999997615814]","[-0.05619999998807907, 0.09959999996423721, -0.06780000001192094, 0.20180000001192092, -0.148, -0.08119999998807907]","{""mean"": 0.15312857142516545, ""std"": 0.044939430145233605, ""min"": 0.09589999997615814, ""max"": 0.2194000000357628}","{""mean"": 0.15403333333134653, ""std"": 0.10390250557257873, ""min"": 0.07140000003576279, ""max"": 0.3441999999880791}","{""mean"": -0.008633333335320157, ""std"": 0.13149061816658666, ""min"": -0.148, ""max"": 0.20180000001192092}",7,1.0200999999642373,0.6666666666666666,0,"[""t"", ""e"", ""s"", ""t"", ""1"", ""2"", ""3""]","[""*"", ""*"", ""*"", ""*"", ""*"", ""*"", ""*""]",test1,enrollment,good,100,weak,2
"[0.13080000001192094, 0.12419999998807907, 0.20389999997615815, 0.15930000001192093, 0.2159000000357628, 0.16410000002384187, 0.10469999998807906]","[0.0605, 0.2239000000357628, 0.16279999995231628, 0.20880000001192092, 0.07980000001192093, 0.10280000001192093]","[-0.07030000001192092, 0.09970000004768372, -0.04110000002384186, 0.0495, -0.13610000002384187, -0.06130000001192093]","{""mean"": 0.15755714286225184, ""std"": 0.04127129177081704, ""min"": 0.10469999998807906, ""max"": 0.2159000000357628}","{""mean"": 0.1397666666706403, ""std"": 0.068731787895397, ""min"": 0.0605, ""max"": 0.2239000000357628}","{""mean"": -0.026600000003973643, ""std"": 0.08608969743218627, ""min"": -0.13610000002384187, ""max"": 0.09970000004768372}",7,0.9433000000119209,0.6666666666666666,0,"[""t"", ""e"", ""s"", ""t"", ""1"", ""2"", ""3""]","[""*"", ""*"", ""*"", ""*"", ""*"", ""*"", ""*""]",test1,enrollment,good,100,weak,2
"[0.14610000002384185, 0.096, 0.1635, 0.136, 0.21980000001192093, 0.17339999997615815, 0.08769999998807908]","[0.08510000002384185, 0.1815, 0.11669999998807908, 0.3483999999761581, 0.07710000002384186, 0.108]","[-0.061, 0.0855, -0.04680000001192093, 0.21239999997615813, -0.14269999998807908, -0.06539999997615814]","{""mean"": 0.14607142857142857, ""std"": 0.045647771554885405, ""min"": 0.08769999998807908, ""max"": 0.21980000001192093}","{""mean"": 0.15280000000198682, ""std"": 0.10267139814446466, ""min"": 0.07710000002384186, ""max"": 0.3483999999761581}","{""mean"": -0.0030000000000000027, ""std"": 0.1287802003294505, ""min"": -0.14269999998807908, ""max"": 0.21239999997615813}",7,1.0045,0.6666666666666666,0,"[""t"", ""e"", ""s"", ""t"", ""1"", ""2"", ""3""]","[""*"", ""*"", ""*"", ""*"", ""*"", ""*"", ""*""]",test1,enrollment,good,100,weak,2
"[0.147, 0.15430000001192093, 0.17340000003576278, 0.12360000002384186, 0.18369999998807907, 0.153, 0.09709999996423721]","[0.14169999998807908, 0.6786999999880791, 0.12980000001192094, 0.25980000001192094, 0.06, 0.08780000001192093]","[-0.005300000011920929, 0.5243999999761582, -0.04360000002384186, 0.13619999998807908, -0.12369999998807907, -0.06519999998807907]","{""mean"": 0.14744285714626312, ""std"": 0.0293522774428058, ""min"": 0.09709999996423721, ""max"": 0.18369999998807907}","{""mean"": 0.22630000000198683, ""std"": 0.23198937906138153, ""min"": 0.06, ""max"": 0.6786999999880791}","{""mean"": 0.07046666665871938, ""std"": 0.2388448338606061, ""min"": -0.12369999998807907, ""max"": 0.5243999999761582}",7,1.454899999976158,0.6666666666666666,0,"[""t"", ""e"", ""s"", ""t"", ""1"", ""2"", ""3""]","[""*"", ""*"", ""*"", ""*"", ""*"", ""*"", ""*""]",test1,enrollment,good,100,weak,2
"[0.13469999998807908, 0.10089999997615814, 0.149, 0.1325, 0.20490000003576278, 0.165, 0.09230000001192093]","[0.07339999997615815, 0.22160000002384186, 0.09719999998807907, 0.1615999999642372, 0.08030000001192093, 0.09260000002384186]","[-0.06130000001192093, 0.12070000004768372, -0.05180000001192093, 0.029099999964237212, -0.12460000002384186, -0.07239999997615815]","{""mean"": 0.139900000001703, ""std"": 0.0383109644999486, ""min"": 0.09230000001192093, ""max"": 0.20490000003576278}","{""mean"": 0.12111666666467985, ""std"": 0.058418983790788005, ""min"": 0.07339999997615815, ""max"": 0.22160000002384186}","{""mean"": -0.02671666666865349, ""std"": 0.08756765195814196, ""min"": -0.12460000002384186, ""max"": 0.12070000004768372}",7,0.819,0.6666666666666666,0,"[""t"", ""e"", ""s"", ""t"", ""1"", ""2"", ""3""]","[""*"", ""*"", ""*"", ""*"", ""*"", ""*"", ""*""]",test1,enrollment,good,100,weak,2
"[0.132, 0.11559999996423721, 0.1915, 0.12460000002384186, 0.1972000000476837, 0.16669999998807908, 0.09990000003576278]","[0.07070000004768372, 0.19789999997615815, 0.1265, 0.17189999997615815, 0.09090000003576279, 0.07089999997615815]","[-0.06129999995231628, 0.08230000001192093, -0.065, 0.047299999952316284, -0.10630000001192093, -0.09580000001192093]","{""mean"": 0.14678571429422924, ""std"": 0.03833881534767954, ""min"": 0.09990000003576278, ""max"": 0.1972000000476837}","{""mean"": 0.1214666666686535, ""std"": 0.05381351748894934, ""min"": 0.07070000004768372, ""max"": 0.19789999997615815}","{""mean"": -0.033133333335320155, ""std"": 0.07859223031441097, ""min"": -0.10630000001192093, ""max"": 0.08230000001192093}",7,0.8287000000476837,0.6666666666666666,0,"[""t"", ""e"", ""s"", ""t"", ""1"", ""2"", ""3""]","[""*"", ""*"", ""*"", ""*"", ""*"", ""*"", ""*""]",test1,enrollment,good,100,weak,2
"[0.14, 0.11639999997615814, 0.2005, 0.11539999997615814, 0.20539999997615815, 0.17480000001192092, 0.11490000003576278]","[0.07569999998807907, 0.20039999997615815, 0.12210000002384186, 0.16, 0.08419999998807907, 0.08869999998807906]","[-0.06430000001192093, 0.084, -0.07839999997615814, 0.04460000002384186, -0.12119999998807907, -0.08610000002384186]","{""mean"": 0.1524857142823083, ""std"": 0.04051610496711602, ""min"": 0.11490000003576278, ""max"": 0.20539999997615815}","{""mean"": 0.12184999999403953, ""std"": 0.04954160877293888, ""min"": 0.07569999998807907, ""max"": 0.20039999997615815}","{""mean"": -0.036899999996026354, ""std"": 0.081558813138614, ""min"": -0.12119999998807907, ""max"": 0.084}",7,0.846,0.6666666666666666,0,"[""t"", ""e"", ""s"", ""t"", ""1"", ""2"", ""3""]","[""*"", ""*"", ""*"", ""*"", ""*"", ""*"", ""*""]",test1,enrollment,good,100,weak,2
"[0.14839999997615813, 0.11120000004768371, 0.17010000002384185, 0.15569999998807907, 0.197, 0.1525, 0.14240000003576278]","[0.23139999997615815, 0.201, 0.18530000001192093, 0.28260000002384184, 0.20680000001192092, 0.22129999995231628]","[0.083, 0.08979999995231629, 0.01519999998807907, 0.1269000000357628, 0.00980000001192093, 0.06879999995231628]","{""mean"": 0.15390000001021795, ""std"": 0.026175815797847602, ""min"": 0.11120000004768371, ""max"": 0.197}","{""mean"": 0.22139999999602636, ""std"": 0.0339940583080107, ""min"": 0.18530000001192093, ""max"": 0.28260000002384184}","{""mean"": 0.06558333332339923, ""std"": 0.04540953277666277, ""min"": 0.00980000001192093, ""max"": 0.1269000000357628}",7,1.470800000011921,0.0,0,"[""t"", ""e"", ""s"", ""t"", ""1"", ""2"", ""3""]","[""*"", ""*"", ""*"", ""*"", ""*"", ""*"", ""*""]",test123,enrollment,good,100,weak,2
"[0.17469999998807906, 0.144, 0.17560000002384185, 0.1385, 0.21679999995231627, 0.16319999998807908, 0.1250999999642372]","[0.1555999999642372, 0.25360000002384187, 0.13960000002384185, 0.2145, 0.10389999997615815, 0.08110000002384186]","[-0.019100000023841858, 0.10960000002384186, -0.036, 0.076, -0.11289999997615814, -0.08209999996423721]","{""mean"": 0.16255714284522194, ""std"": 0.030513431852984513, ""min"": 0.1250999999642372, ""max"": 0.21679999995231627}","{""mean"": 0.15805000000198682, ""std"": 0.06559929115892102, ""min"": 0.08110000002384186, ""max"": 0.25360000002384187}","{""mean"": -0.010749999990065892, ""std"": 0.08745560587653904, ""min"": -0.11289999997615814, ""max"": 0.10960000002384186}",7,1.073399999976158,0.6666666666666666,0,"[""t"", ""e"", ""s"", ""t"", ""1"", ""2"", ""3""]","[""*"", ""*"", ""*"", ""*"", ""*"", ""*"", ""*""]",test123,enrollment,good,100,weak,2
"[0.15380000001192093, 0.12089999997615815, 0.1992999999523163, 0.12670000004768373, 0.24739999997615814, 0.2042999999523163, 0.14910000002384186]","[0.11440000003576278, 0.2255, 0.1687999999523163, 0.22310000002384187, 0.09660000002384186, 0.1310999999642372]","[-0.039399999976158145, 0.10460000002384186, -0.0305, 0.09639999997615814, -0.15079999995231627, -0.07319999998807906]","{""mean"": 0.17164285713434219, ""std"": 0.046532779002415654, ""min"": 0.12089999997615815, ""max"": 0.24739999997615814}","{""mean"": 0.15991666666666668, ""std"": 0.05528722878076874, ""min"": 0.09660000002384186, ""max"": 0.2255}","{""mean"": -0.01548333331942558, ""std"": 0.09937525679796055, ""min"": -0.15079999995231627, ""max"": 0.10460000002384186}",7,1.1086000000238418,0.6666666666666666,0,"[""t"", ""e"", ""s"", ""t"", ""1"", ""2"", ""3""]","[""*"", ""*"", ""*"", ""*"", ""*"", ""*"", ""*""]",test123,enrollment,good,100,weak,2
"[0.1584000000357628, 0.119, 0.17710000002384185, 0.11629999995231628, 0.22969999998807908, 0.18110000002384186, 0.1335]","[0.12519999998807907, 0.24180000001192092, 0.2244000000357628, 0.21619999998807907, 0.16169999998807907, 0.16939999997615815]","[-0.03320000004768372, 0.12280000001192093, 0.04730000001192093, 0.09990000003576278, -0.068, -0.011700000047683717]","{""mean"": 0.159300000003406, ""std"": 0.04059511465732101, ""min"": 0.11629999995231628, ""max"": 0.22969999998807908}","{""mean"": 0.1897833333313465, ""std"": 0.044670008595479274, ""min"": 0.12519999998807907, ""max"": 0.24180000001192092}","{""mean"": 0.026183333327372868, ""std"": 0.0762192473732049, ""min"": -0.068, ""max"": 0.12280000001192093}",7,1.272199999988079,0.5,0,"[""t"", ""e"", ""s"", ""t"", ""1"", ""2"", ""3""]","[""*"", ""*"", ""*"", ""*"", ""*"", ""*"", ""*""]",test123,enrollment,good,100,weak,2
"[0.1644000000357628, 0.107, 0.1815999999642372, 0.11989999997615815, 0.15220000004768372, 0.10469999998807906, 0.13230000001192094]","[0.11960000002384186, 0.21730000001192093, 0.21069999998807906, 0.2495999999642372, 0.23360000002384185, 0.17]","[-0.04480000001192093, 0.11030000001192093, 0.029100000023841856, 0.12969999998807907, 0.08139999997615814, 0.06530000001192093]","{""mean"": 0.13744285714626311, ""std"": 0.029516597434123958, ""min"": 0.10469999998807906, ""max"": 0.1815999999642372}","{""mean"": 0.20013333333532016, ""std"": 0.04768008667716166, ""min"": 0.11960000002384186, ""max"": 0.2495999999642372}","{""mean"": 0.06183333333333334, ""std"": 0.06291567902041896, ""min"": -0.04480000001192093, ""max"": 0.12969999998807907}",7,1.3331000000238418,0.16666666666666666,0,"[""t"", ""e"", ""s"", ""t"", ""1"", ""2"", ""3""]","[""*"", ""*"", ""*"", ""*"", ""*"", ""*"", ""*""]",test123,enrollment,good,100,weak,2
"[0.14920000004768372, 0.10419999998807906, 0.156, 0.11479999995231628, 0.1947000000476837, 0.19719999998807908, 0.14319999998807906]","[0.28940000003576277, 0.21469999998807907, 0.17410000002384185, 0.22179999995231628, 0.08070000004768371, 0.13139999997615814]","[0.14019999998807908, 0.1105, 0.018100000023841857, 0.107, -0.114, -0.06580000001192093]","{""mean"": 0.15132857143027442, ""std"": 0.03566775923565268, ""min"": 0.10419999998807906, ""max"": 0.19719999998807908}","{""mean"": 0.18535000000397364, ""std"": 0.07349178865059991, ""min"": 0.08070000004768371, ""max"": 0.28940000003576277}","{""mean"": 0.03266666666666666, ""std"": 0.10446614124435015, ""min"": -0.114, ""max"": 0.14019999998807908}",7,1.255300000011921,0.3333333333333333,0,"[""t"", ""e"", ""s"", ""t"", ""1"", ""2"", ""3""]","[""*"", ""*"", ""*"", ""*"", ""*"", ""*"", ""*""]",test123,enrollment,good,100,weak,2
"[0.14539999997615813, 0.099, 0.164, 0.11610000002384185, 0.2065, 0.19589999997615815, 0.1285]","[0.10969999998807907, 0.25060000002384186, 0.17259999996423722, 0.21260000002384186, 0.0715, 0.10259999996423722]","[-0.03569999998807907, 0.15160000002384186, 0.008599999964237213, 0.0965, -0.135, -0.09330000001192093]","{""mean"": 0.1507714285680226, ""std"": 0.04025856903021859, ""min"": 0.099, ""max"": 0.2065}","{""mean"": 0.1532666666607062, ""std"": 0.07002707097128029, ""min"": 0.0715, ""max"": 0.25060000002384186}","{""mean"": -0.00121666666865349, ""std"": 0.11005841025681895, ""min"": -0.135, ""max"": 0.15160000002384186}",7,1.0480999999642373,0.5,0,"[""t"", ""e"", ""s"", ""t"", ""1"", ""2"", ""3""]","[""*"", ""*"", ""*"", ""*"", ""*"", ""*"", ""*""]",test123,enrollment,good,100,weak,2
"[0.14710000002384185, 0.1195, 0.183, 0.13239999997615814, 0.1845, 0.1682000000476837, 0.14010000002384185]","[0.09789999997615814, 0.23610000002384185, 0.144, 0.20810000002384185, 0.09679999995231628, 0.09660000002384186]","[-0.04920000004768372, 0.11660000002384185, -0.039, 0.07570000004768372, -0.08770000004768372, -0.07160000002384186]","{""mean"": 0.15354285715307509, ""std"": 0.025393756267748514, ""min"": 0.1195, ""max"": 0.1845}","{""mean"": 0.14658333333333334, ""std"": 0.06188859078250349, ""min"": 0.09660000002384186, ""max"": 0.23610000002384185}","{""mean"": -0.009200000007947287, ""std"": 0.0843536602980236, ""min"": -0.08770000004768372, ""max"": 0.11660000002384185}",7,1.0196000000238419,0.6666666666666666,0,"[""t"", ""e"", ""s"", ""t"", ""1"", ""2"", ""3""]","[""*"", ""*"", ""*"", ""*"", ""*"", ""*"", ""*""]",test123,enrollment,good,100,weak,2
"[0.1614000000357628, 0.09910000002384185, 0.2012999999523163, 0.14189999997615815, 0.22619999998807908, 0.18139999997615813, 0.15]","[0.13180000001192094, 0.22060000002384186, 0.146, 0.21269999998807906, 0.11869999998807908, 0.10969999998807907]","[-0.029600000023841857, 0.1215, -0.055299999952316284, 0.07080000001192092, -0.1075, -0.07169999998807908]","{""mean"": 0.16589999999318805, ""std"": 0.04171490539380479, ""min"": 0.09910000002384185, ""max"": 0.22619999998807908}","{""mean"": 0.15658333333333332, ""std"": 0.04818013768448171, ""min"": 0.10969999998807907, ""max"": 0.22060000002384186}","{""mean"": -0.011966666658719382, ""std"": 0.0889348900382642, ""min"": -0.1075, ""max"": 0.1215}",7,1.0895,0.6666666666666666,0,"[""t"", ""e"", ""s"", ""t"", ""1"", ""2"", ""3""]","[""*"", ""*"", ""*"", ""*"", ""*"", ""*"", ""*""]",test123,enrollment,good,100,weak,2
"[0.14260000002384185, 0.1085, 0.16959999996423722, 0.11969999998807906, 0.19119999998807907, 0.18810000002384186, 0.08989999997615815]","[0.17139999997615815, 0.23140000003576278, 0.169, 0.21880000001192093, 0.08009999996423721, 0.1814000000357628]","[0.028799999952316285, 0.12290000003576279, -0.0005999999642372131, 0.09910000002384185, -0.11110000002384186, -0.006699999988079071]","{""mean"": 0.14422857142346246, ""std"": 0.04001490199073629, ""min"": 0.08989999997615815, ""max"": 0.19119999998807907}","{""mean"": 0.17535000000397363, ""std"": 0.05328150713423716, ""min"": 0.08009999996423721, ""max"": 0.23140000003576278}","{""mean"": 0.02206666667262713, ""std"": 0.08393032032301483, ""min"": -0.11110000002384186, ""max"": 0.12290000003576279}",7,1.142,0.5,0,"[""t"", ""e"", ""s"", ""t"", ""1"", ""2"", ""3""]","[""*"", ""*"", ""*"", ""*"", ""*"", ""*"", ""*""]",test123,enrollment,good,100,weak,2
"[0.1425, 0.1195, 0.15429999995231627, 0.12970000004768373, 0.20780000001192092, 0.18269999998807906, 0.1539000000357628]","[0.1707000000476837, 0.216, 0.1672999999523163, 0.24580000001192093, 0.09290000003576279, 0.12379999995231629]","[0.028200000047683717, 0.0965, 0.013, 0.11609999996423721, -0.11489999997615814, -0.05890000003576279]","{""mean"": 0.15577142857653753, ""std"": 0.030575737341430327, ""min"": 0.1195, ""max"": 0.20780000001192092}","{""mean"": 0.16941666666666666, ""std"": 0.056473406722733044, ""min"": 0.09290000003576279, ""max"": 0.24580000001192093}","{""mean"": 0.013333333333333332, ""std"": 0.08872457757177836, ""min"": -0.11489999997615814, ""max"": 0.11609999996423721}",7,1.1704000000357628,0.3333333333333333,0,"[""t"", ""e"", ""s"", ""t"", ""1"", ""2"", ""3""]","[""*"", ""*"", ""*"", ""*"", ""*"", ""*"", ""*""]",test123,enrollment,good,100,weak,2
"[0.16080000001192093, 0.10189999997615815, 0.19239999997615814, 0.13930000001192092, 0.18479999995231627, 0.15889999997615814, 0.13239999997615814]","[0.15820000004768373, 0.24269999998807906, 0.1235, 0.27880000001192096, 0.11369999998807907, 0.097]","[-0.002599999964237213, 0.14080000001192092, -0.06889999997615814, 0.1395, -0.07109999996423721, -0.061899999976158145]","{""mean"": 0.15292857141154154, ""std"": 0.03131153750026432, ""min"": 0.10189999997615815, ""max"": 0.19239999997615814}","{""mean"": 0.1689833333392938, ""std"": 0.07472176166885214, ""min"": 0.097, ""max"": 0.27880000001192096}","{""mean"": 0.012633333355188368, ""std"": 0.10194907878138829, ""min"": -0.07109999996423721, ""max"": 0.14080000001192092}",7,1.146300000011921,0.6666666666666666,0,"[""t"", ""e"", ""s"", ""t"", ""1"", ""2"", ""3""]","[""*"", ""*"", ""*"", ""*"", ""*"", ""*"", ""*""]",test123,enrollment,good,100,weak,2
"[0.1225, 0.11629999995231628, 0.1045, 0.1255, 0.2015, 0.17489999997615815, 0.13680000001192094]","[0.1365, 0.22129999995231628, 0.14760000002384185, 0.24739999997615814, 0.08010000002384186, 0.10769999998807907]","[0.014, 0.105, 0.04310000002384186, 0.12189999997615814, -0.12139999997615815, -0.06719999998807907]","{""mean"": 0.14028571427719935, ""std"": 0.03499611543200756, ""min"": 0.1045, ""max"": 0.2015}","{""mean"": 0.1567666666607062, ""std"": 0.06505233788256069, ""min"": 0.08010000002384186, ""max"": 0.24739999997615814}","{""mean"": 0.015900000005960462, ""std"": 0.0955773613233953, ""min"": -0.12139999997615815, ""max"": 0.12189999997615814}",7,1.077399999976158,0.3333333333333333,0,"[""t"", ""e"", ""s"", ""t"", ""1"", ""2"", ""3""]","[""*"", ""*"", ""*"", ""*"", ""*"", ""*"", ""*""]",test123,enrollment,good,100,weak,2
"[0.13869999998807908, 0.11039999997615814, 0.1437000000476837, 0.10289999997615815, 0.1985, 0.18669999998807907, 0.12680000001192093]","[0.20590000003576278, 0.2102999999523163, 0.18170000004768372, 0.253, 0.07639999997615814, 0.10939999997615814]","[0.06720000004768371, 0.09989999997615814, 0.038, 0.15010000002384186, -0.12210000002384186, -0.07730000001192093]","{""mean"": 0.14395714285543987, ""std"": 0.036367836396757044, ""min"": 0.10289999997615815, ""max"": 0.1985}","{""mean"": 0.17278333333134652, ""std"": 0.06682159582140011, ""min"": 0.07639999997615814, ""max"": 0.253}","{""mean"": 0.025966666668653486, ""std"": 0.10517409695279709, ""min"": -0.12210000002384186, ""max"": 0.15010000002384186}",7,1.1635,0.3333333333333333,0,"[""t"", ""e"", ""s"", ""t"", ""1"", ""2"", ""3""]","[""*"", ""*"", ""*"", ""*"", ""*"", ""*"", ""*""]",test123,enrollment,good,100,weak,2
"[0.15, 0.12210000002384186, 0.22530000001192094, 0.1325, 0.19369999998807907, 0.18260000002384186, 0.15980000001192093]","[0.14519999998807906, 0.22210000002384186, 0.16930000001192094, 0.2495, 0.07559999996423722, 0.11260000002384186]","[-0.004800000011920929, 0.1, -0.056, 0.117, -0.11810000002384186, -0.07]","{""mean"": 0.16657142857994353, ""std"": 0.03628809328358726, ""min"": 0.12210000002384186, ""max"": 0.22530000001192094}","{""mean"": 0.16238333333532015, ""std"": 0.06558693214442768, ""min"": 0.07559999996423722, ""max"": 0.2495}","{""mean"": -0.0053166666726271305, ""std"": 0.09542122231317197, ""min"": -0.11810000002384186, ""max"": 0.117}",7,1.134100000023842,0.6666666666666666,0,"[""t"", ""e"", ""s"", ""t"", ""1"", ""2"", ""3""]","[""*"", ""*"", ""*"", ""*"", ""*"", ""*"", ""*""]",test123,enrollment,good,100,weak,2
"[0.164, 0.1075, 0.1705, 0.13830000001192094, 0.20460000002384185, 0.182, 0.138]","[0.2139000000357628, 0.20159999996423722, 0.15180000001192093, 0.24239999997615813, 0.08820000004768372, 0.11319999998807907]","[0.04990000003576279, 0.09409999996423721, -0.018699999988079072, 0.10409999996423722, -0.11639999997615814, -0.06880000001192092]","{""mean"": 0.15784285714796611, ""std"": 0.03234701723657778, ""min"": 0.1075, ""max"": 0.20460000002384185}","{""mean"": 0.1685166666706403, ""std"": 0.06066802835753073, ""min"": 0.08820000004768372, ""max"": 0.24239999997615813}","{""mean"": 0.007366666664679846, ""std"": 0.08998679160693064, ""min"": -0.11639999997615814, ""max"": 0.10409999996423722}",7,1.1491000000238418,0.5,0,"[""t"", ""e"", ""s"", ""t"", ""1"", ""2"", ""3""]","[""*"", ""*"", ""*"", ""*"", ""*"", ""*"", ""*""]",test123,enrollment,good,100,weak,2
"[0.11019999998807907, 0.1205, 0.154, 0.10129999995231628, 0.21630000001192093, 0.18580000001192093, 0.12980000001192094]","[0.185, 0.23119999998807908, 0.17970000004768372, 0.23159999996423722, 0.081, 0.10430000001192093]","[0.07480000001192093, 0.11069999998807907, 0.025700000047683715, 0.13030000001192094, -0.13530000001192094, -0.0815]","{""mean"": 0.14541428571087972, ""std"": 0.04238739706319135, ""min"": 0.10129999995231628, ""max"": 0.21630000001192093}","{""mean"": 0.16880000000198683, ""std"": 0.06338444603137613, ""min"": 0.081, ""max"": 0.23159999996423722}","{""mean"": 0.020783333341280616, ""std"": 0.10755907059776847, ""min"": -0.13530000001192094, ""max"": 0.13030000001192094}",7,1.1426000000238419,0.3333333333333333,0,"[""t"", ""e"", ""s"", ""t"", ""1"", ""2"", ""3""]","[""*"", ""*"", ""*"", ""*"", ""*"", ""*"", ""*""]",test123,enrollment,good,100,weak,2
"[0.15360000002384186, 0.11090000003576278, 0.16379999995231628, 0.1145, 0.1835, 0.17460000002384185, 0.11509999996423721]","[0.24669999998807907, 0.23290000003576278, 0.21789999997615814, 0.25489999997615814, 0.0985, 0.14040000003576278]","[0.0930999999642372, 0.122, 0.05410000002384186, 0.14039999997615815, -0.085, -0.03419999998807907]","{""mean"": 0.14514285714285713, ""std"": 0.031018105311213927, ""min"": 0.11090000003576278, ""max"": 0.1835}","{""mean"": 0.1985500000019868, ""std"": 0.06393671088434257, ""min"": 0.0985, ""max"": 0.25489999997615814}","{""mean"": 0.04839999999602636, ""std"": 0.09003317165436123, ""min"": -0.085, ""max"": 0.14039999997615815}",7,1.3063999999761582,0.3333333333333333,0,"[""t"", ""e"", ""s"", ""t"", ""1"", ""2"", ""3""]","[""*"", ""*"", ""*"", ""*"", ""*"", ""*"", ""*""]",test123,enrollment,good,100,weak,2
"[0.10919999998807907, 0.10269999998807908, 0.18660000002384186, 0.10759999996423722, 0.22210000002384186, 0.17980000001192092, 0.13460000002384187]","[0.2174000000357628, 0.19739999997615815, 0.21510000002384186, 0.2155999999642372, 0.1105, 0.10819999998807907]","[0.10820000004768372, 0.09469999998807907, 0.0285, 0.108, -0.11160000002384186, -0.07160000002384186]","{""mean"": 0.14894285714626312, ""std"": 0.047178803773870175, ""min"": 0.10269999998807908, ""max"": 0.22210000002384186}","{""mean"": 0.17736666666467985, ""std"": 0.053187918432582304, ""min"": 0.10819999998807907, ""max"": 0.2174000000357628}","{""mean"": 0.02603333333134651, ""std"": 0.09660879188847214, ""min"": -0.11160000002384186, ""max"": 0.10820000004768372}",7,1.198800000011921,0.3333333333333333,0,"[""t"", ""e"", ""s"", ""t"", ""1"", ""2"", ""3""]","[""*"", ""*"", ""*"", ""*"", ""*"", ""*"", ""*""]",test123,enrollment,good,100,weak,2
"[0.15069999998807906, 0.11209999996423721, 0.1725, 0.1104000000357628, 0.19689999997615815, 0.18330000001192093, 0.14960000002384186]","[0.12810000002384186, 0.5333999999761582, 0.24919999998807907, 0.43480000001192093, 0.10419999998807906, 0.26380000001192094]","[-0.022599999964237213, 0.4213000000119209, 0.07669999998807907, 0.32439999997615815, -0.09269999998807907, 0.0805]","{""mean"": 0.15364285714285714, ""std"": 0.033484018927585325, ""min"": 0.1104000000357628, ""max"": 0.19689999997615815}","{""mean"": 0.28558333333333336, ""std"": 0.16922050013059137, ""min"": 0.10419999998807906, ""max"": 0.5333999999761582}","{""mean"": 0.1312666666706403, ""std"": 0.20040489680444176, ""min"": -0.09269999998807907, ""max"": 0.4213000000119209}",7,1.8631000000238418,0.3333333333333333,0,"[""t"", ""e"", ""s"", ""t"", ""1"", ""2"", ""3""]","[""*"", ""*"", ""*"", ""*"", ""*"", ""*"", ""*""]",test123,enrollment,good,100,weak,2
"[0.16680000001192094, 0.08820000004768372, 0.2015, 0.114, 0.22880000001192094, 0.18019999998807906, 0.13490000003576277]","[0.09809999996423721, 0.25360000002384187, 0.179, 0.25069999998807907, 0.09740000003576278, 0.10379999995231629]","[-0.06870000004768372, 0.16539999997615815, -0.0225, 0.13669999998807908, -0.13139999997615814, -0.07640000003576279]","{""mean"": 0.15920000001362392, ""std"": 0.04967685576609218, ""min"": 0.08820000004768372, ""max"": 0.22880000001192094}","{""mean"": 0.1637666666607062, ""std"": 0.0750628181474864, ""min"": 0.09740000003576278, ""max"": 0.25360000002384187}","{""mean"": 0.0005166666507720961, ""std"": 0.12196008226303923, ""min"": -0.13139999997615814, ""max"": 0.16539999997615815}",7,1.1175,0.6666666666666666,0,"[""t"", ""e"", ""s"", ""t"", ""1"", ""2"", ""3""]","[""*"", ""*"", ""*"", ""*"", ""*"", ""*"", ""*""]",test2,enrollment,good,100,weak,2
"[0.20560000002384185, 0.14769999998807906, 0.2184000000357628, 0.126, 0.20569999998807906, 0.18419999998807907, 0.1520999999642372]","[0.09360000002384186, 0.23259999996423722, 0.21160000002384186, 0.24469999998807906, 0.09180000001192093, 0.08260000002384185]","[-0.112, 0.08489999997615814, -0.006800000011920929, 0.11869999998807908, -0.11389999997615814, -0.10159999996423721]","{""mean"": 0.177099999998297, ""std"": 0.03532440140080444, ""min"": 0.126, ""max"": 0.2184000000357628}","{""mean"": 0.1594833333392938, ""std"": 0.07766179024479886, ""min"": 0.08260000002384185, ""max"": 0.24469999998807906}","{""mean"": -0.02178333333134651, ""std"": 0.10424646594915174, ""min"": -0.11389999997615814, ""max"": 0.11869999998807908}",7,1.109,0.6666666666666666,0,"[""t"", ""e"", ""s"", ""t"", ""1"", ""2"", ""3""]","[""*"", ""*"", ""*"", ""*"", ""*"", ""*"", ""*""]",test2,enrollment,good,100,weak,2
"[0.16389999997615814, 0.11989999997615815, 0.17530000001192092, 0.12189999997615814, 0.19539999997615815, 0.17169999998807908, 0.1284000000357628]","[0.093, 0.20739999997615816, 0.17210000002384185, 0.219, 0.091, 0.08609999996423721]","[-0.07089999997615815, 0.0875, -0.003199999988079071, 0.09710000002384186, -0.10439999997615815, -0.08560000002384185]","{""mean"": 0.15378571427719934, ""std"": 0.030075484397230384, ""min"": 0.11989999997615815, ""max"": 0.19539999997615815}","{""mean"": 0.1447666666607062, ""std"": 0.06195652239408901, ""min"": 0.08609999996423721, ""max"": 0.219}","{""mean"": -0.013249999990065894, ""std"": 0.08865106316548729, ""min"": -0.10439999997615815, ""max"": 0.09710000002384186}",7,0.997,0.6666666666666666,0,"[""t"", ""e"", ""s"", ""t"", ""1"", ""2"", ""3""]","[""*"", ""*"", ""*"", ""*"", ""*"", ""*"", ""*""]",test2,enrollment,good,100,weak,2
"[0.13840000003576278, 0.11010000002384186, 0.1695, 0.13019999998807907, 0.20180000001192092, 0.1589000000357628, 0.12639999997615814]","[0.06430000001192093, 0.19989999997615815, 0.11610000002384185, 0.16419999998807908, 0.1, 0.07880000001192093]","[-0.07410000002384186, 0.08979999995231629, -0.053399999976158144, 0.034, -0.10180000001192092, -0.08010000002384186]","{""mean"": 0.14790000001021794, ""std"": 0.031057473606839303, ""min"": 0.11010000002384186, ""max"": 0.20180000001192092}","{""mean"": 0.12055000000198682, ""std"": 0.05205953321463209, ""min"": 0.06430000001192093, ""max"": 0.19989999997615815}","{""mean"": -0.030933333347241083, ""std"": 0.07563125455371, ""min"": -0.10180000001192092, ""max"": 0.08979999995231629}",7,0.8496999999880791,0.6666666666666666,0,"[""t"", ""e"", ""s"", ""t"", ""1"", ""2"", ""3""]","[""*"", ""*"", ""*"", ""*"", ""*"", ""*"", ""*""]",test2,enrollment,good,100,weak,2
"[0.15919999998807907, 0.09969999998807907, 0.14660000002384185, 0.10739999997615814, 0.19110000002384187, 0.15280000001192093, 0.1345]","[0.1085999999642372, 0.1845, 0.13960000002384185, 0.20189999997615815, 0.07719999998807907, 0.08270000004768371]","[-0.05060000002384186, 0.08480000001192092, -0.007, 0.0945, -0.11390000003576278, -0.07009999996423721]","{""mean"": 0.14161428571598872, ""std"": 0.03132120840714846, ""min"": 0.09969999998807907, ""max"": 0.19110000002384187}","{""mean"": 0.13241666666666665, ""std"": 0.052306917952869784, ""min"": 0.07719999998807907, ""max"": 0.20189999997615815}","{""mean"": -0.010383333335320155, ""std"": 0.08481861628281044, ""min"": -0.11390000003576278, ""max"": 0.0945}",7,0.929,0.6666666666666666,0,"[""t"", ""e"", ""s"", ""t"", ""1"", ""2"", ""3""]","[""*"", ""*"", ""*"", ""*"", ""*"", ""*"", ""*""]",test2,enrollment,good,100,weak,2
"[0.13180000001192094, 0.09989999997615814, 0.17040000003576278, 0.11840000003576279, 0.17939999997615813, 0.17169999998807908, 0.10939999997615814]","[0.07619999998807907, 0.18919999998807907, 0.12369999998807907, 0.15510000002384186, 0.06430000001192093, 0.0995]","[-0.055600000023841856, 0.08930000001192093, -0.04670000004768372, 0.036699999988079074, -0.11509999996423721, -0.07219999998807908]","{""mean"": 0.14014285714285715, ""std"": 0.03306417281597454, ""min"": 0.09989999997615814, ""max"": 0.17939999997615813}","{""mean"": 0.118, ""std"": 0.04785712068157028, ""min"": 0.06430000001192093, ""max"": 0.18919999998807907}","{""mean"": -0.02726666667064031, ""std"": 0.07562228947927739, ""min"": -0.11509999996423721, ""max"": 0.08930000001192093}",7,0.8173999999761581,0.6666666666666666,0,"[""t"", ""e"", ""s"", ""t"", ""1"", ""2"", ""3""]","[""*"", ""*"", ""*"", ""*"", ""*"", ""*"", ""*""]",test2,enrollment,good,100,weak,2
"[0.16, 0.10719999998807907, 0.20160000002384185, 0.13089999997615814, 0.2175, 0.20060000002384185, 0.1265999999642372]","[0.09780000001192093, 0.18479999995231627, 0.14740000003576278, 0.17130000001192092, 0.08679999995231628, 0.10790000003576279]","[-0.06219999998807907, 0.0775999999642372, -0.05419999998807907, 0.04040000003576279, -0.13070000004768373, -0.09269999998807907]","{""mean"": 0.1634857142823083, ""std"": 0.0434939240594779, ""min"": 0.10719999998807907, ""max"": 0.2175}","{""mean"": 0.13266666666666665, ""std"": 0.04089086287205947, ""min"": 0.08679999995231628, ""max"": 0.18479999995231627}","{""mean"": -0.03696666666865349, ""std"": 0.0799211778407581, ""min"": -0.13070000004768373, ""max"": 0.0775999999642372}",7,0.9225999999642372,0.6666666666666666,0,"[""t"", ""e"", ""s"", ""t"", ""1"", ""2"", ""3""]","[""*"", ""*"", ""*"", ""*"", ""*"", ""*"", ""*""]",test2,enrollment,good,100,weak,2
"[0.14930000001192092, 0.13180000001192094, 0.177, 0.1375, 0.17669999998807906, 0.15230000001192093, 0.11019999998807907]","[0.07030000001192092, 0.22260000002384187, 0.13269999998807908, 0.1945, 0.0875, 0.08]","[-0.079, 0.09080000001192093, -0.04430000001192093, 0.057, -0.08919999998807907, -0.07230000001192093]","{""mean"": 0.14782857143027442, ""std"": 0.024104613271054596, ""min"": 0.11019999998807907, ""max"": 0.177}","{""mean"": 0.1312666666706403, ""std"": 0.06419192057603623, ""min"": 0.07030000001192092, ""max"": 0.22260000002384187}","{""mean"": -0.02283333333333333, ""std"": 0.07713999395404622, ""min"": -0.08919999998807907, ""max"": 0.09080000001192093}",7,0.897800000011921,0.6666666666666666,0,"[""t"", ""e"", ""s"", ""t"", ""1"", ""2"", ""3""]","[""*"", ""*"", ""*"", ""*"", ""*"", ""*"", ""*""]",test2,enrollment,good,100,weak,2
"[0.1585, 0.1085, 0.14960000002384186, 0.1304000000357628, 0.18710000002384186, 0.17860000002384185, 0.11969999998807906]","[0.18580000001192093, 0.20039999997615815, 0.142, 0.321, 0.06080000001192093, 0.09119999998807907]","[0.027300000011920927, 0.09189999997615814, -0.007600000023841858, 0.1905999999642372, -0.12630000001192093, -0.08740000003576279]","{""mean"": 0.1474857142993382, ""std"": 0.029572026687232612, ""min"": 0.1085, ""max"": 0.18710000002384186}","{""mean"": 0.16686666666467984, ""std"": 0.09255698064593611, ""min"": 0.06080000001192093, ""max"": 0.321}","{""mean"": 0.014749999980131783, ""std"": 0.11650072531600617, ""min"": -0.12630000001192093, ""max"": 0.1905999999642372}",7,1.1208999999761582,0.5,0,"[""t"", ""e"", ""s"", ""t"", ""1"", ""2"", ""3""]","[""*"", ""*"", ""*"", ""*"", ""*"", ""*"", ""*""]",test2,enrollment,good,100,weak,2
"[0.132, 0.08030000001192093, 0.125, 0.11740000003576279, 0.20910000002384185, 0.17560000002384185, 0.1335]","[0.238, 0.3154000000357628, 0.21089999997615813, 0.29819999998807906, 0.07610000002384186, 0.09860000002384185]","[0.106, 0.23510000002384185, 0.08589999997615815, 0.18079999995231627, -0.133, -0.077]","{""mean"": 0.1389857142993382, ""std"": 0.04171544193216439, ""min"": 0.08030000001192093, ""max"": 0.20910000002384185}","{""mean"": 0.20620000000794728, ""std"": 0.09992571240082165, ""min"": 0.07610000002384186, ""max"": 0.3154000000357628}","{""mean"": 0.06629999999205272, ""std"": 0.1440967175172251, ""min"": -0.133, ""max"": 0.23510000002384185}",7,1.3707000000476837,0.3333333333333333,0,"[""t"", ""e"", ""s"", ""t"", ""1"", ""2"", ""3""]","[""*"", ""*"", ""*"", ""*"", ""*"", ""*"", ""*""]",test2,enrollment,good,100,weak,2
"[0.15269999998807907, 0.09940000003576278, 0.14719999998807906, 0.12279999995231629, 0.2085, 0.16809999996423722, 0.14620000004768371]","[0.12009999996423722, 0.1992000000476837, 0.152, 0.10719999998807907, 0.12030000001192093, 0.1467999999523163]","[-0.032600000023841856, 0.09980000001192092, 0.004800000011920929, -0.015599999964237212, -0.08819999998807906, -0.02130000001192093]","{""mean"": 0.14927142856802258, ""std"": 0.03434121499258027, ""min"": 0.09940000003576278, ""max"": 0.2085}","{""mean"": 0.14093333332737287, ""std"": 0.033315441885507176, ""min"": 0.10719999998807907, ""max"": 0.1992000000476837}","{""mean"": -0.008849999994039535, ""std"": 0.06172875343301617, ""min"": -0.08819999998807906, ""max"": 0.09980000001192092}",7,0.9918000000119209,0.6666666666666666,0,"[""t"", ""e"", ""s"", ""t"", ""1"", ""2"", ""3""]","[""*"", ""*"", ""*"", ""*"", ""*"", ""*"", ""*""]",test2,enrollment,good,100,weak,2
"[0.15230000001192093, 0.11019999998807907, 0.1697000000476837, 0.12879999995231628, 0.16869999998807908, 0.166, 0.11669999998807908]","[0.11690000003576279, 0.22029999995231628, 0.1392000000476837, 0.20109999996423722, 0.07710000002384186, 0.08389999997615814]","[-0.03539999997615814, 0.11009999996423721, -0.0305, 0.07230000001192093, -0.09159999996423722, -0.08210000002384185]","{""mean"": 0.14462857142516544, ""std"": 0.025623798478206797, ""min"": 0.11019999998807907, ""max"": 0.1697000000476837}","{""mean"": 0.13974999999999999, ""std"": 0.059697227717740796, ""min"": 0.07710000002384186, ""max"": 0.22029999995231628}","{""mean"": -0.009533333331346512, ""std"": 0.08260553652520454, ""min"": -0.09159999996423722, ""max"": 0.11009999996423721}",7,0.955199999988079,0.6666666666666666,0,"[""t"", ""e"", ""s"", ""t"", ""1"", ""2"", ""3""]","[""*"", ""*"", ""*"", ""*"", ""*"", ""*"", ""*""]",test2,enrollment,good,100,weak,2
"[0.144, 0.12280000001192093, 0.13839999997615815, 0.11429999995231628, 0.186, 0.17630000001192092, 0.12769999998807907]","[0.08359999996423721, 0.22470000004768373, 0.1365, 0.5670999999642372, 0.07110000002384186, 0.109]","[-0.060400000035762784, 0.10190000003576279, -0.001899999976158142, 0.45280000001192094, -0.11489999997615814, -0.06730000001192094]","{""mean"": 0.14421428570577077, ""std"": 0.02718930112871245, ""min"": 0.11429999995231628, ""max"": 0.186}","{""mean"": 0.19866666666666666, ""std"": 0.1885944078235678, ""min"": 0.07110000002384186, ""max"": 0.5670999999642372}","{""mean"": 0.051700000007947285, ""std"": 0.21012243098418065, ""min"": -0.11489999997615814, ""max"": 0.45280000001192094}",7,1.319699999988079,0.6666666666666666,0,"[""t"", ""e"", ""s"", ""t"", ""1"", ""2"", ""3""]","[""*"", ""*"", ""*"", ""*"", ""*"", ""*"", ""*""]",test2,enrollment,good,100,weak,2
"[0.16069999998807907, 0.13459999996423722, 0.19169999998807907, 0.09790000003576278, 0.17539999997615816, 0.1575, 0.1275999999642372]","[0.12569999998807907, 0.22380000001192094, 0.2505999999642372, 0.23030000001192094, 0.071, 0.08580000001192092]","[-0.035, 0.08920000004768372, 0.05889999997615814, 0.13239999997615814, -0.10439999997615815, -0.07169999998807908]","{""mean"": 0.1493428571309362, ""std"": 0.03163620589152081, ""min"": 0.09790000003576278, ""max"": 0.19169999998807907}","{""mean"": 0.1645333333313465, ""std"": 0.07962501281532972, ""min"": 0.071, ""max"": 0.2505999999642372}","{""mean"": 0.011566666672627129, ""std"": 0.09530806191000137, ""min"": -0.10439999997615815, ""max"": 0.13239999997615814}",7,1.1147999999523164,0.5,0,"[""t"", ""e"", ""s"", ""t"", ""1"", ""2"", ""3""]","[""*"", ""*"", ""*"", ""*"", ""*"", ""*"", ""*""]",test2,enrollment,good,100,weak,2
"[0.11039999997615814, 0.09240000003576279, 0.19759999996423722, 0.11079999995231628, 0.18080000001192092, 0.18219999998807906, 0.14290000003576278]","[0.1500999999642372, 0.18270000004768372, 0.167, 0.22379999995231628, 0.06980000001192092, 0.08719999998807908]","[0.03969999998807907, 0.09030000001192093, -0.030599999964237214, 0.113, -0.111, -0.095]","{""mean"": 0.14529999999489102, ""std"": 0.0419713791315479, ""min"": 0.09240000003576279, ""max"": 0.19759999996423722}","{""mean"": 0.1467666666607062, ""std"": 0.058511355015518934, ""min"": 0.06980000001192092, ""max"": 0.22379999995231628}","{""mean"": 0.0010666666726271308, ""std"": 0.09463055884044515, ""min"": -0.111, ""max"": 0.113}",7,1.0235,0.5,0,"[""t"", ""e"", ""s"", ""t"", ""1"", ""2"", ""3""]","[""*"", ""*"", ""*"", ""*"", ""*"", ""*"", ""*""]",test2,enrollment,good,100,weak,2
"[0.15439999997615814, 0.12279999995231629, 0.16070000004768373, 0.1, 0.18419999998807907, 0.16419999998807908, 0.1509000000357628]","[0.1585, 0.5162999999523162, 0.23280000001192092, 0.19110000002384187, 0.09130000001192093, 0.09829999995231628]","[0.004100000023841858, 0.3935, 0.07209999996423722, 0.09110000002384186, -0.09289999997615814, -0.06590000003576278]","{""mean"": 0.1481714285697256, ""std"": 0.028054632083329048, ""min"": 0.1, ""max"": 0.18419999998807907}","{""mean"": 0.21471666665871936, ""std"": 0.15734172257353543, ""min"": 0.09130000001192093, ""max"": 0.5162999999523162}","{""mean"": 0.067, ""std"": 0.17572472791253155, ""min"": -0.09289999997615814, ""max"": 0.3935}",7,1.4391999999880791,0.3333333333333333,0,"[""t"", ""e"", ""s"", ""t"", ""1"", ""2"", ""3""]","[""*"", ""*"", ""*"", ""*"", ""*"", ""*"", ""*""]",test2,enrollment,good,100,weak,2
"[0.13659999996423722, 0.11069999998807907, 0.16280000001192094, 0.11129999995231628, 0.233, 0.18639999997615814, 0.10560000002384186]","[0.14519999998807906, 0.19239999997615814, 0.19020000004768373, 0.10879999995231629, 0.09770000004768371, 0.10129999995231628]","[0.008600000023841857, 0.08169999998807907, 0.027400000035762786, -0.0025, -0.13529999995231629, -0.08510000002384185]","{""mean"": 0.14948571427379337, ""std"": 0.04755531616510963, ""min"": 0.10560000002384186, ""max"": 0.233}","{""mean"": 0.1392666666607062, ""std"": 0.043703623049074235, ""min"": 0.09770000004768371, ""max"": 0.19239999997615814}","{""mean"": -0.017533333321412405, ""std"": 0.07900563692220723, ""min"": -0.13529999995231629, ""max"": 0.08169999998807907}",7,0.941199999988079,0.5,0,"[""t"", ""e"", ""s"", ""t"", ""1"", ""2"", ""3""]","[""*"", ""*"", ""*"", ""*"", ""*"", ""*"", ""*""]",test2,enrollment,good,100,weak,2
"[0.1625999999642372, 0.11769999998807908, 0.25319999998807907, 0.14919999998807906, 0.19439999997615814, 0.10040000003576278, 0.14360000002384185]","[0.106, 0.21930000001192093, 0.3210999999642372, 0.20080000001192094, 0.10719999998807907, 0.29169999998807905]","[-0.056599999964237216, 0.10160000002384185, 0.06789999997615814, 0.05160000002384186, -0.08719999998807908, 0.19129999995231628]","{""mean"": 0.1601571428520339, ""std"": 0.05099548531494578, ""min"": 0.10040000003576278, ""max"": 0.25319999998807907}","{""mean"": 0.20768333332737288, ""std"": 0.09004539780102766, ""min"": 0.106, ""max"": 0.3210999999642372}","{""mean"": 0.044766666670640304, ""std"": 0.10293132983780494, ""min"": -0.08719999998807908, ""max"": 0.19129999995231628}",7,1.389699999988079,0.3333333333333333,0,"[""t"", ""e"", ""s"", ""t"", ""1"", ""2"", ""3""]","[""*"", ""*"", ""*"", ""*"", ""*"", ""*"", ""*""]",test2,enrollment,good,100,weak,2
"[0.1619000000357628, 0.12280000001192093, 0.16339999997615814, 0.09330000001192093, 0.18380000001192093, 0.17319999998807908, 0.11579999995231628]","[0.07480000001192093, 0.21960000002384186, 0.19729999995231629, 0.164, 0.06710000002384185, 0.08510000002384185]","[-0.08710000002384186, 0.09680000001192093, 0.03389999997615814, 0.07069999998807908, -0.11669999998807908, -0.08809999996423722]","{""mean"": 0.1448857142840113, ""std"": 0.0340174675057604, ""min"": 0.09330000001192093, ""max"": 0.18380000001192093}","{""mean"": 0.13465000000596047, ""std"": 0.06723566760442744, ""min"": 0.06710000002384185, ""max"": 0.21960000002384186}","{""mean"": -0.015083333333333332, ""std"": 0.09286528773164776, ""min"": -0.11669999998807908, ""max"": 0.09680000001192093}",7,0.9236999999880791,0.5,0,"[""t"", ""e"", ""s"", ""t"", ""1"", ""2"", ""3""]","[""*"", ""*"", ""*"", ""*"", ""*"", ""*"", ""*""]",test2,enrollment,good,100,weak,2
"[0.14389999997615815, 0.103, 0.1510999999642372, 0.11769999998807908, 0.17639999997615813, 0.17680000001192092, 0.1305999999642372]","[0.09859999996423721, 0.2244000000357628, 0.1825999999642372, 0.20190000003576278, 0.06119999998807907, 0.09780000001192093]","[-0.04530000001192093, 0.12140000003576279, 0.0315, 0.08420000004768372, -0.11519999998807907, -0.079]","{""mean"": 0.1427857142686844, ""std"": 0.028041482876441415, ""min"": 0.103, ""max"": 0.17680000001192092}","{""mean"": 0.14441666666666667, ""std"": 0.06686842056544226, ""min"": 0.06119999998807907, ""max"": 0.2244000000357628}","{""mean"": -0.00039999998609224996, ""std"": 0.09421573118658408, ""min"": -0.11519999998807907, ""max"": 0.12140000003576279}",7,0.9970999999642373,0.5,0,"[""t"", ""e"", ""s"", ""t"", ""1"", ""2"", ""3""]","[""*"", ""*"", ""*"", ""*"", ""*"", ""*"", ""*""]",test2,enrollment,good,100,weak,2
"[0.1564000000357628, 0.12110000002384186, 0.1295999999642372, 0.134, 0.18689999997615814, 0.13539999997615815, 0.13509999996423722]","[0.232, 0.2154000000357628, 0.17430000001192092, 0.22769999998807908, 0.0865, 0.078]","[0.07559999996423722, 0.09430000001192093, 0.044700000047683715, 0.09369999998807907, -0.10039999997615814, -0.05739999997615814]","{""mean"": 0.1426428571343422, ""std"": 0.02223442204676236, ""min"": 0.12110000002384186, ""max"": 0.18689999997615814}","{""mean"": 0.1689833333392938, ""std"": 0.07026092560645662, ""min"": 0.078, ""max"": 0.232}","{""mean"": 0.02508333334326744, ""std"": 0.08364867999160366, ""min"": -0.10039999997615814, ""max"": 0.09430000001192093}",7,1.149,0.3333333333333333,0,"[""t"", ""e"", ""s"", ""t"", ""1"", ""2"", ""3""]","[""*"", ""*"", ""*"", ""*"", ""*"", ""*"", ""*""]",test3,enrollment,good,100,weak,2
"[0.17130000001192092, 0.13060000002384187, 0.11460000002384185, 0.1375, 0.17509999996423722, 0.15369999998807907, 0.11379999995231628]","[0.11019999998807907, 0.23730000001192092, 0.17610000002384185, 0.2155, 0.0705, 0.092]","[-0.06110000002384186, 0.10669999998807907, 0.0615, 0.078, -0.10459999996423722, -0.06169999998807907]","{""mean"": 0.1423714285663196, ""std"": 0.02512049058913263, ""min"": 0.11379999995231628, ""max"": 0.17509999996423722}","{""mean"": 0.15026666667064031, ""std"": 0.06908055202094937, ""min"": 0.0705, ""max"": 0.23730000001192092}","{""mean"": 0.0031333333353201535, ""std"": 0.08907692554716463, ""min"": -0.10459999996423722, ""max"": 0.10669999998807907}",7,1.015399999976158,0.5,0,"[""t"", ""e"", ""s"", ""t"", ""1"", ""2"", ""3""]","[""*"", ""*"", ""*"", ""*"", ""*"", ""*"", ""*""]",test3,enrollment,good,100,weak,2
"[0.1322000000476837, 0.13269999998807908, 0.17259999996423722, 0.12089999997615815, 0.1635, 0.14510000002384185, 0.11039999997615814]","[0.06940000003576278, 0.23530000001192092, 0.18319999998807907, 0.22659999996423721, 0.049, 0.08010000002384186]","[-0.06280000001192093, 0.10260000002384186, 0.010600000023841857, 0.10569999998807907, -0.1145, -0.065]","{""mean"": 0.13962857142516544, ""std"": 0.022342613564518384, ""min"": 0.11039999997615814, ""max"": 0.17259999996423722}","{""mean"": 0.14060000000397363, ""std"": 0.08402273500322811, ""min"": 0.049, ""max"": 0.23530000001192092}","{""mean"": -0.00389999999602636, ""std"": 0.09273558109437925, ""min"": -0.1145, ""max"": 0.10569999998807907}",7,0.954,0.5,0,"[""t"", ""e"", ""s"", ""t"", ""1"", ""2"", ""3""]","[""*"", ""*"", ""*"", ""*"", ""*"", ""*"", ""*""]",test3,enrollment,good,100,weak,2
"[0.15769999998807907, 0.1387000000476837, 0.16339999997615814, 0.12, 0.1695, 0.16019999998807907, 0.10330000001192093]","[0.06859999996423721, 0.22960000002384187, 0.15980000001192093, 0.2045, 0.06630000001192093, 0.07019999998807908]","[-0.08910000002384186, 0.09089999997615814, -0.003599999964237213, 0.0845, -0.10319999998807908, -0.09]","{""mean"": 0.14468571428741728, ""std"": 0.02494670508737402, ""min"": 0.10330000001192093, ""max"": 0.1695}","{""mean"": 0.13316666666666666, ""std"": 0.07443382744840119, ""min"": 0.06630000001192093, ""max"": 0.22960000002384187}","{""mean"": -0.018416666666666668, ""std"": 0.08952097891615074, ""min"": -0.10319999998807908, ""max"": 0.09089999997615814}",7,0.9023000000119209,0.6666666666666666,0,"[""t"", ""e"", ""s"", ""t"", ""1"", ""2"", ""3""]","[""*"", ""*"", ""*"", ""*"", ""*"", ""*"", ""*""]",test3,enrollment,good,100,weak,2
"[0.12090000003576279, 0.12439999997615814, 0.1655, 0.10180000001192092, 0.16730000001192094, 0.16030000001192093, 0.13280000001192094]","[0.044200000047683714, 0.21629999995231627, 0.12710000002384186, 0.14889999997615813, 0.0635, 0.0695]","[-0.07669999998807907, 0.09189999997615814, -0.038399999976158145, 0.047099999964237214, -0.10380000001192093, -0.09080000001192093]","{""mean"": 0.13900000000851495, ""std"": 0.025559994782046253, ""min"": 0.10180000001192092, ""max"": 0.16730000001192094}","{""mean"": 0.11158333333333333, ""std"": 0.06514968659307747, ""min"": 0.044200000047683714, ""max"": 0.21629999995231627}","{""mean"": -0.028450000007947285, ""std"": 0.08022983857707269, ""min"": -0.10380000001192093, ""max"": 0.09189999997615814}",7,0.8023000000119209,0.6666666666666666,0,"[""t"", ""e"", ""s"", ""t"", ""1"", ""2"", ""3""]","[""*"", ""*"", ""*"", ""*"", ""*"", ""*"", ""*""]",test3,enrollment,good,100,weak,2
"[0.13789999997615815, 0.13060000002384187, 0.17709999996423723, 0.11530000001192092, 0.20369999998807908, 0.1535, 0.11269999998807907]","[0.05889999997615814, 0.21030000001192092, 0.133, 0.13539999997615815, 0.087, 0.082]","[-0.079, 0.07969999998807907, -0.04409999996423721, 0.020099999964237215, -0.11669999998807908, -0.0715]","{""mean"": 0.1472571428503309, ""std"": 0.03340617991502673, ""min"": 0.11269999998807907, ""max"": 0.20369999998807908}","{""mean"": 0.1177666666607062, ""std"": 0.05439950980938276, ""min"": 0.05889999997615814, ""max"": 0.21030000001192092}","{""mean"": -0.03525, ""std"": 0.07241225723691469, ""min"": -0.11669999998807908, ""max"": 0.07969999998807907}",7,0.8192999999523163,0.6666666666666666,0,"[""t"", ""e"", ""s"", ""t"", ""1"", ""2"", ""3""]","[""*"", ""*"", ""*"", ""*"", ""*"", ""*"", ""*""]",test3,enrollment,good,100,weak,2
"[0.154, 0.11970000004768372, 0.1742000000476837, 0.12619999998807907, 0.17410000002384185, 0.14589999997615813, 0.13440000003576277]","[0.0835, 0.201, 0.1304000000357628, 0.1505999999642372, 0.059900000035762783, 0.08239999997615814]","[-0.0705, 0.08129999995231628, -0.04380000001192093, 0.024399999976158143, -0.11419999998807907, -0.0635]","{""mean"": 0.1469285714456013, ""std"": 0.02183694990400883, ""min"": 0.11970000004768372, ""max"": 0.1742000000476837}","{""mean"": 0.11796666666865349, ""std"": 0.0527991161468281, ""min"": 0.059900000035762783, ""max"": 0.201}","{""mean"": -0.03105000001192093, ""std"": 0.07125028418885491, ""min"": -0.11419999998807907, ""max"": 0.08129999995231628}",7,0.8422000000476837,0.6666666666666666,0,"[""t"", ""e"", ""s"", ""t"", ""1"", ""2"", ""3""]","[""*"", ""*"", ""*"", ""*"", ""*"", ""*"", ""*""]",test3,enrollment,good,100,weak,2
"[0.15619999998807907, 0.09769999998807907, 0.1520999999642372, 0.1165, 0.18269999998807906, 0.16089999997615814, 0.09889999997615814]","[0.10619999998807907, 0.17010000002384185, 0.17609999996423722, 0.1644000000357628, 0.06289999997615814, 0.09830000001192093]","[-0.05, 0.07240000003576279, 0.024, 0.04790000003576279, -0.11980000001192093, -0.06259999996423721]","{""mean"": 0.13785714284011297, ""std"": 0.03333555944745346, ""min"": 0.09769999998807907, ""max"": 0.18269999998807906}","{""mean"": 0.12966666666666668, ""std"": 0.046882093249810915, ""min"": 0.06289999997615814, ""max"": 0.17609999996423722}","{""mean"": -0.01468333331743876, ""std"": 0.07428239137658027, ""min"": -0.11980000001192093, ""max"": 0.07240000003576279}",7,0.8768999999761582,0.5,0,"[""t"", ""e"", ""s"", ""t"", ""1"", ""2"", ""3""]","[""*"", ""*"", ""*"", ""*"", ""*"", ""*"", ""*""]",test3,enrollment,good,100,weak,2
"[0.0944000000357628, 0.12039999997615815, 0.16610000002384187, 0.10640000003576279, 0.1810999999642372, 0.14810000002384185, 0.11080000001192093]","[0.02830000001192093, 0.208, 0.13089999997615814, 0.1437000000476837, 0.07129999995231628, 0.08760000002384186]","[-0.06610000002384185, 0.08760000002384186, -0.03520000004768371, 0.03730000001192093, -0.10980000001192093, -0.0605]","{""mean"": 0.1324714285816465, ""std"": 0.03287449436887694, ""min"": 0.0944000000357628, ""max"": 0.1810999999642372}","{""mean"": 0.11163333333532015, ""std"": 0.06298386037102903, ""min"": 0.02830000001192093, ""max"": 0.208}","{""mean"": -0.024450000007947285, ""std"": 0.07321581115013522, ""min"": -0.10980000001192093, ""max"": 0.08760000002384186}",7,0.7806000000238419,0.6666666666666666,0,"[""t"", ""e"", ""s"", ""t"", ""1"", ""2"", ""3""]","[""*"", ""*"", ""*"", ""*"", ""*"", ""*"", ""*""]",test3,enrollment,good,100,weak,2
"[0.13089999997615814, 0.1085999999642372, 0.2165, 0.122, 0.15530000001192093, 0.14509999996423723, 0.10360000002384186]","[0.07480000001192093, 0.19319999998807907, 0.18560000002384186, 0.18919999998807907, 0.042, 0.07919999998807907]","[-0.056099999964237215, 0.08460000002384185, -0.03089999997615814, 0.06719999998807907, -0.11330000001192093, -0.06589999997615814]","{""mean"": 0.14028571427719932, ""std"": 0.03836124036143507, ""min"": 0.10360000002384186, ""max"": 0.2165}","{""mean"": 0.12733333333333333, ""std"": 0.06916538633299377, ""min"": 0.042, ""max"": 0.19319999998807907}","{""mean"": -0.01906666665275892, ""std"": 0.07845188759108376, ""min"": -0.11330000001192093, ""max"": 0.08460000002384185}",7,0.8676000000238419,0.6666666666666666,0,"[""t"", ""e"", ""s"", ""t"", ""1"", ""2"", ""3""]","[""*"", ""*"", ""*"", ""*"", ""*"", ""*"", ""*""]",test3,enrollment,good,100,weak,2
"[0.1205, 0.08839999997615815, 0.191, 0.12439999997615814, 0.18530000001192093, 0.15589999997615814, 0.0915]","[0.08880000001192093, 0.17619999998807906, 0.1415, 0.16239999997615814, 0.045200000047683715, 0.1085]","[-0.03169999998807907, 0.08780000001192093, -0.0495, 0.038, -0.14009999996423722, -0.04739999997615814]","{""mean"": 0.13671428570577077, ""std"": 0.04177070060573379, ""min"": 0.08839999997615815, ""max"": 0.191}","{""mean"": 0.12043333333730698, ""std"": 0.04923018042232553, ""min"": 0.045200000047683715, ""max"": 0.17619999998807906}","{""mean"": -0.023816666652758917, ""std"": 0.07884078681287339, ""min"": -0.14009999996423722, ""max"": 0.08780000001192093}",7,0.8141000000238419,0.6666666666666666,0,"[""t"", ""e"", ""s"", ""t"", ""1"", ""2"", ""3""]","[""*"", ""*"", ""*"", ""*"", ""*"", ""*"", ""*""]",test3,enrollment,good,100,weak,2
"[0.13129999995231628, 0.10410000002384186, 0.13230000001192094, 0.106, 0.19730000001192094, 0.13280000001192094, 0.1055]","[0.11379999995231628, 0.19580000001192094, 0.1259000000357628, 0.1367999999523163, 0.08660000002384186, 0.0755]","[-0.0175, 0.09169999998807907, -0.006399999976158142, 0.030799999952316283, -0.11069999998807907, -0.057300000011920926]","{""mean"": 0.129900000001703, ""std"": 0.032637146526541275, ""min"": 0.10410000002384186, ""max"": 0.19730000001192094}","{""mean"": 0.12239999999602635, ""std"": 0.04280742926114607, ""min"": 0.0755, ""max"": 0.19580000001192094}","{""mean"": -0.01156666667262713, ""std"": 0.06991393756012326, ""min"": -0.11069999998807907, ""max"": 0.09169999998807907}",7,0.8398999999761582,0.6666666666666666,0,"[""t"", ""e"", ""s"", ""t"", ""1"", ""2"", ""3""]","[""*"", ""*"", ""*"", ""*"", ""*"", ""*"", ""*""]",test3,enrollment,good,100,weak,2
"[0.15769999998807907, 0.09869999998807907, 0.17269999998807908, 0.12289999997615814, 0.16569999998807908, 0.16869999998807908, 0.0805]","[0.10039999997615814, 0.19790000003576277, 0.15219999998807907, 0.1895, 0.03519999998807907, 0.09919999998807907]","[-0.057300000011920926, 0.09920000004768371, -0.0205, 0.06660000002384185, -0.1305, -0.0695]","{""mean"": 0.1381285714166505, ""std"": 0.03737332891404286, ""min"": 0.0805, ""max"": 0.17269999998807908}","{""mean"": 0.129066666662693, ""std"": 0.06237004624340453, ""min"": 0.03519999998807907, ""max"": 0.19790000003576277}","{""mean"": -0.018666666656732563, ""std"": 0.08689024496404749, ""min"": -0.1305, ""max"": 0.09920000004768371}",7,2.3623999999761582,0.6666666666666666,2,"[""t"", ""e"", ""s"", ""t"", ""1"", ""2"", ""3""]","[""*"", ""*"", ""*"", ""*"", ""*"", ""*"", ""*""]",test3,enrollment,good,100,weak,2
"[0.15169999998807907, 0.12739999997615814, 0.14119999998807908, 0.10289999997615815, 0.20210000002384185, 0.15010000002384186, 0.10839999997615814]","[0.08639999997615815, 0.23630000001192092, 0.1495, 0.14269999998807908, 0.08119999998807907, 0.08980000001192093]","[-0.06530000001192093, 0.10890000003576279, 0.00830000001192093, 0.03980000001192093, -0.12090000003576279, -0.06030000001192093]","{""mean"": 0.1405428571360452, ""std"": 0.0332375719879396, ""min"": 0.10289999997615815, ""max"": 0.20210000002384185}","{""mean"": 0.13098333332935969, ""std"": 0.05955479550446944, ""min"": 0.08119999998807907, ""max"": 0.23630000001192092}","{""mean"": -0.014916666666666667, ""std"": 0.08329956584990253, ""min"": -0.12090000003576279, ""max"": 0.10890000003576279}",7,0.8942999999523162,0.5,0,"[""t"", ""e"", ""s"", ""t"", ""1"", ""2"", ""3""]","[""*"", ""*"", ""*"", ""*"", ""*"", ""*"", ""*""]",test3,enrollment,good,100,weak,2
"[0.13810000002384185, 0.11119999998807907, 0.154, 0.17919999998807906, 0.20460000002384185, 0.16540000003576277, 0.10019999998807907]","[0.0634000000357628, 0.20869999998807906, 0.1285, 0.24569999998807907, 0.05719999998807907, 0.11380000001192093]","[-0.07469999998807907, 0.0975, -0.0255, 0.0665, -0.14740000003576278, -0.05160000002384186]","{""mean"": 0.15038571429252623, ""std"": 0.03699776699555794, ""min"": 0.10019999998807907, ""max"": 0.20460000002384185}","{""mean"": 0.13621666666865348, ""std"": 0.07661382163178665, ""min"": 0.05719999998807907, ""max"": 0.24569999998807907}","{""mean"": -0.022533333341280617, ""std"": 0.09110615055242621, ""min"": -0.14740000003576278, ""max"": 0.0975}",7,0.9175,0.6666666666666666,0,"[""t"", ""e"", ""s"", ""t"", ""1"", ""2"", ""3""]","[""*"", ""*"", ""*"", ""*"", ""*"", ""*"", ""*""]",test3,enrollment,good,100,weak,2
"[0.1352000000476837, 0.11390000003576278, 0.19219999998807907, 0.1427999999523163, 0.1844000000357628, 0.1747000000476837, 0.117]","[0.071, 0.21810000002384186, 0.15160000002384186, 0.22329999995231628, 0.0485, 0.10980000001192093]","[-0.06420000004768371, 0.10419999998807906, -0.040599999964237216, 0.0805, -0.13590000003576277, -0.06490000003576278]","{""mean"": 0.15145714287246975, ""std"": 0.0322038226070745, ""min"": 0.11390000003576278, ""max"": 0.19219999998807907}","{""mean"": 0.13705000000198683, ""std"": 0.07371042666500233, ""min"": 0.0485, ""max"": 0.22329999995231628}","{""mean"": -0.020150000015894568, ""std"": 0.09311560020883004, ""min"": -0.13590000003576277, ""max"": 0.10419999998807906}",7,0.9393000000119209,0.6666666666666666,0,"[""t"", ""e"", ""s"", ""t"", ""1"", ""2"", ""3""]","[""*"", ""*"", ""*"", ""*"", ""*"", ""*"", ""*""]",test3,enrollment,good,100,weak,2
"[0.15110000002384186, 0.11480000001192094, 0.14139999997615815, 0.12489999997615814, 0.21730000001192093, 0.13739999997615815, 0.09789999997615814]","[0.08560000002384185, 0.586300000011921, 0.21930000001192093, 0.18079999995231627, 0.12520000004768372, 0.08789999997615815]","[-0.0655, 0.4715, 0.07790000003576279, 0.05589999997615814, -0.09209999996423722, -0.0495]","{""mean"": 0.14068571427890234, ""std"": 0.03816496774104525, ""min"": 0.09789999997615814, ""max"": 0.21730000001192093}","{""mean"": 0.214183333337307, ""std"": 0.18974226115281498, ""min"": 0.08560000002384185, ""max"": 0.586300000011921}","{""mean"": 0.06636666667461395, ""std"": 0.2099052992772326, ""min"": -0.09209999996423722, ""max"": 0.4715}",7,1.383,0.5,0,"[""t"", ""e"", ""s"", ""t"", ""1"", ""2"", ""3""]","[""*"", ""*"", ""*"", ""*"", ""*"", ""*"", ""*""]",test3,enrollment,good,100,weak,2
"[0.15210000002384186, 0.09919999998807907, 0.145, 0.14869999998807906, 0.20619999998807906, 0.16119999998807907, 0.104]","[0.09480000001192093, 0.2140999999642372, 0.17770000004768371, 0.20519999998807908, 0.06530000001192093, 0.108]","[-0.057300000011920926, 0.11489999997615814, 0.03270000004768372, 0.0565, -0.14089999997615815, -0.05319999998807907]","{""mean"": 0.14519999999659403, ""std"": 0.03617167399938445, ""min"": 0.09919999998807907, ""max"": 0.20619999998807906}","{""mean"": 0.14418333333730698, ""std"": 0.06277781188766622, ""min"": 0.06530000001192093, ""max"": 0.2140999999642372}","{""mean"": -0.007883333325386047, ""std"": 0.09279763825130888, ""min"": -0.14089999997615815, ""max"": 0.11489999997615814}",7,0.9691000000238419,0.5,0,"[""t"", ""e"", ""s"", ""t"", ""1"", ""2"", ""3""]","[""*"", ""*"", ""*"", ""*"", ""*"", ""*"", ""*""]",test3,enrollment,good,100,weak,2
"[0.13310000002384187, 0.11680000001192092, 0.15010000002384186, 0.13169999998807908, 0.24220000004768372, 0.2035, 0.13760000002384185]","[0.06430000001192093, 0.2295, 0.137, 0.12489999997615814, 0.1395, 0.099]","[-0.06880000001192092, 0.11269999998807907, -0.013100000023841858, -0.006800000011920929, -0.10270000004768372, -0.1045]","{""mean"": 0.15928571430274419, ""std"": 0.04589122751365442, ""min"": 0.11680000001192092, ""max"": 0.24220000004768372}","{""mean"": 0.13236666666467986, ""std"": 0.055334244970120516, ""min"": 0.06430000001192093, ""max"": 0.2295}","{""mean"": -0.030533333351214727, ""std"": 0.08188579038675263, ""min"": -0.1045, ""max"": 0.11269999998807907}",7,0.931800000011921,0.8333333333333334,0,"[""t"", ""e"", ""s"", ""t"", ""1"", ""2"", ""3""]","[""*"", ""*"", ""*"", ""*"", ""*"", ""*"", ""*""]",test3,enrollment,good,95,weak,2
"[0.14840000003576279, 0.09569999998807907, 0.16839999997615815, 0.124, 0.19519999998807908, 0.1625, 0.1185]","[0.10290000003576279, 0.19919999998807908, 0.11530000001192092, 0.224, 0.06439999997615814, 0.10330000001192093]","[-0.0455, 0.1035, -0.05309999996423721, 0.1, -0.13080000001192094, -0.05919999998807907]","{""mean"": 0.1446714285697256, ""std"": 0.03405484372012393, ""min"": 0.09569999998807907, ""max"": 0.19519999998807908}","{""mean"": 0.13485000000397365, ""std"": 0.06237027336531649, ""min"": 0.06439999997615814, ""max"": 0.224}","{""mean"": -0.01418333332737287, ""std"": 0.09487717147159992, ""min"": -0.13080000001192094, ""max"": 0.1035}",7,0.9276000000238419,0.6666666666666666,0,"[""t"", ""e"", ""s"", ""t"", ""1"", ""2"", ""3""]","[""*"", ""*"", ""*"", ""*"", ""*"", ""*"", ""*""]",test3,enrollment,good,100,weak,2
